website_id,page_path,active_users,sessions,page_views,engaged_sessions,engagement_rate,average_session_duration,screen_page_views_per_user,first_visit,page_view,scroll,session_start,user_engagement,performance_label,performance_score
1,/page2,6,9,16,9,0.4482279688144924,17.60784752312488,4.621415043392556,1.0,32.0,32.0,1.0,25.0,0,2.07
3,/page2,9,17,40,17,0.8732107464602538,33.76621299951046,3.750486347980223,0.0,40.0,39.0,4.0,29.0,1,99.85
5,/cabinet/doctors.html,3,4,6,2,0.6659021897504479,5.815344629881749,2.263388755663547,0.0,0.0,0.0,0.0,0.0,0,0.17
1,/,9,37,105,16,0.2747050997861037,99.30474058958193,4.763510753720277,6.0,74.0,55.0,15.0,72.0,0,4.27
1,/,11,32,113,16,0.2829423874644251,95.5132062809268,5.282368611000715,4.0,66.0,60.0,17.0,43.0,0,2.99
3,/page2,10,16,54,13,0.836637039802324,52.66757552597669,4.350157450024826,0.0,36.0,35.0,4.0,33.0,1,99.55
5,/,3,3,8,3,0.9914047904385253,398.02369270607767,2.627662197491828,0.0,0.0,0.0,0.0,0.0,0,5.32
3,/,21,10,19,10,0.6714299025040353,124.17846905094876,5.292124527173157,3.0,85.0,63.0,27.0,60.0,0,2.93
3,/page3,8,15,25,10,0.9232429652780512,6.049986997240973,2.628469769000067,0.0,18.0,15.0,1.0,11.0,1,99.71
3,/page3,7,13,24,12,0.9956970559753888,7.502413957211738,2.385119566663798,0.0,19.0,23.0,1.0,19.0,1,99.38
3,/page5,8,11,17,11,0.5243302140904994,198.93364655314556,4.64763789237813,0.0,21.0,31.0,2.0,23.0,0,7.39
4,/details,2,3,4,3,1.0,428.52983929433066,1.848382756477101,0.0,0.0,0.0,0.0,0.0,0,0.67
3,/page2,6,8,21,8,0.4289934502863257,41.26208581699875,3.750860963801549,0.0,37.0,34.0,4.0,26.0,0,1.32
5,/voyages,1,1,1,1,1.0,146.82764122048212,0.902220950957207,0.0,0.0,0.0,0.0,0.0,0,1.61
5,/voyages,1,1,1,1,1.0,134.91207005669833,1.014823390294891,0.0,0.0,0.0,0.0,0.0,0,1.93
5,/cabinet/about.html,2,2,7,2,0.9914923293171644,10.151549333427978,3.323868088789488,0.0,0.0,0.0,0.0,0.0,0,3.46
4,/page,3,8,7,2,0.7818011941797245,10.005656322928289,1.5008605042786196,0.0,0.0,0.0,0.0,0.0,0,1.43
4,/details,2,3,6,2,0.9093369639798548,517.2450274750437,1.6052441694519686,0.0,0.0,0.0,0.0,0.0,0,2.23
4,/details,2,10,10,4,0.5058904328433261,550.3127473749805,1.63360948114018,0.0,0.0,0.0,0.0,0.0,0,4.2
3,/page3,7,13,18,13,0.8518917251856949,6.104866347862701,2.835399895142618,0.0,20.0,22.0,1.0,19.0,0,2.68
5,/cabinet/faq.html,2,2,3,1,0.9685870231673412,11.544653567538866,2.1474837303029237,0.0,0.0,0.0,0.0,0.0,0,1.82
5,/cabinet/contact.html,2,2,5,2,0.9024581322311342,8.903694746841968,3.365050793959428,0.0,0.0,0.0,0.0,0.0,0,3.07
6,/travel_agency,2,2,2,0,0.0,0.0,0.9511115917664158,0.0,0.0,0.0,0.0,0.0,0,1.93
1,/,9,14,11,13,0.4967652292715802,129.3971103847417,5.906924044977492,5.0,73.0,37.0,19.0,72.0,0,1.28
3,/page4,8,18,28,13,1.0,61.18659490878303,3.0290551900483424,0.0,27.0,12.0,0.0,19.0,1,99.94
5,/cabinet/contact.html,2,8,21,2,0.6573985668182076,7.456143671203575,3.4387034017281475,0.0,0.0,0.0,0.0,0.0,0,1.11
3,/page3,6,9,26,9,0.6082052242317226,6.870972684478142,2.7534547309602626,0.0,22.0,19.0,1.0,12.0,0,1.09
4,/,6,11,9,2,0.3225803141798357,198.35131848732576,1.0989566420692292,0.0,0.0,0.0,0.0,0.0,0,0.93
5,/cabinet/blog.html,2,10,7,1,0.3013519982511613,31.872503723922502,0.8878489709828188,0.0,0.0,0.0,0.0,0.0,0,3.0
5,/cabinet/blog.html,2,9,26,2,0.5934380807382249,28.50412856520082,0.8285116631216893,0.0,0.0,0.0,0.0,0.0,0,2.0
1,/page2,5,10,17,10,0.5506585030993727,21.15791686085668,4.494132476548896,1.0,18.0,27.0,1.0,26.0,0,4.07
5,/cabinet/doctors.html,3,4,8,2,0.6816990064830911,4.816133628362141,2.097437942061023,0.0,0.0,0.0,0.0,0.0,0,0.38
5,/cabinet,8,6,9,3,0.7031266216051152,66.21317580846906,1.914177807089424,0.0,0.0,0.0,0.0,0.0,0,0.86
3,/page4,9,5,17,5,0.5732060203659003,89.77130268128754,3.749678546467933,0.0,21.0,14.0,0.0,21.0,0,3.19
1,/page4,8,13,21,13,0.8158365613083538,57.708894937995815,3.416817988461605,0.0,21.0,13.0,1.0,11.0,1,99.77
5,/cabinet/contact.html,2,2,7,2,0.9302182095210773,9.445163746355709,2.893242132605396,0.0,0.0,0.0,0.0,0.0,0,21.19
3,/,12,58,93,29,0.477849329734667,148.35473176783438,5.52929941198431,3.0,112.0,65.0,25.0,75.0,0,5.41
5,/voyages,1,1,1,1,0.9815870742108592,121.10950952107756,0.9101097078031654,0.0,0.0,0.0,0.0,0.0,0,0.77
4,/,7,13,23,4,0.4855635233959996,184.71583474115647,1.0973375970645387,0.0,0.0,0.0,0.0,0.0,1,93.48
3,/,14,35,114,20,0.4395797964265517,134.8105919585887,5.382499949278544,3.0,83.0,71.0,21.0,52.0,0,1.84
1,/page3,7,5,29,5,0.5886294454617835,155.54137190364034,4.002944016878435,0.0,10.0,13.0,0.0,7.0,0,1.36
1,/page2,6,12,39,11,0.812998115427618,18.27934776379219,4.387225609493928,1.0,19.0,23.0,1.0,15.0,1,99.39
1,/page4,7,12,29,11,0.8161718666880374,84.30528469181623,3.966774642105227,0.0,15.0,11.0,1.0,14.0,0,20.0
1,/page4,5,15,23,15,0.8510501622178652,76.88489383449306,3.986974588726563,0.0,19.0,13.0,1.0,10.0,1,99.85
1,/page3,5,14,18,9,0.7891323012710715,115.49261280892804,3.6863221346827095,0.0,10.0,9.0,0.0,12.0,0,4.41
5,/cabinet/contact.html,2,2,6,2,0.9046574158885164,7.698915930829973,3.254899349657188,0.0,0.0,0.0,0.0,0.0,0,4.49
5,/cabinet/blog.html,2,8,6,2,0.3509898595479989,37.09011495664976,0.8361452368882024,0.0,0.0,0.0,0.0,0.0,0,4.95
3,/page3,10,11,20,11,0.9255633288312632,5.85021599776609,2.6149824325967312,0.0,20.0,14.0,1.0,15.0,1,99.87
4,/page,4,5,7,3,0.8040110278484689,8.314016980283174,1.512548887399921,0.0,0.0,0.0,0.0,0.0,0,4.34
5,/cabinet/appointments.html,3,2,9,2,0.7675936614078926,5.884910324031426,2.6842528511078165,0.0,0.0,0.0,0.0,0.0,0,7.99
5,/cabinet/doctors.html,5,12,24,2,0.4444332774667069,5.731730846080591,2.367230834109368,0.0,0.0,0.0,0.0,0.0,0,0.97
1,/page2,7,11,36,11,0.7587952805815568,19.868972435292772,4.2755804753374695,1.0,23.0,21.0,1.0,15.0,1,99.82
3,/,14,41,99,25,0.5256419035494796,147.75521996637667,4.650934907577748,2.0,105.0,60.0,26.0,81.0,1,98.5
5,/cabinet/contact.html,2,5,20,2,0.4025049212541309,8.476762477043541,3.220706059826897,0.0,0.0,0.0,0.0,0.0,0,0.78
5,/voyages,1,1,1,1,0.9505920988915258,134.6560988156526,1.081060196703353,0.0,0.0,0.0,0.0,0.0,0,2.08
1,/page2,9,11,28,11,0.8491888402906819,29.456153318375254,4.719264575701245,1.0,26.0,19.0,1.0,23.0,1,99.97
5,/cabinet/appointments.html,3,2,8,2,0.7770214264367515,4.580302214729454,2.8626148313892554,0.0,0.0,0.0,0.0,0.0,1,92.45
5,/cabinet/blog.html,2,8,9,3,0.352970152961447,21.49820726694711,0.8192312314041582,0.0,0.0,0.0,0.0,0.0,0,7.48
5,/cabinet/contact.html,2,8,18,2,0.5990670758675682,7.145769361991006,3.2093980915142097,0.0,0.0,0.0,0.0,0.0,0,0.22
4,/page,4,8,5,3,0.80166035147858,9.065880893324286,1.505705158756624,0.0,0.0,0.0,0.0,0.0,0,3.71
5,/cabinet/about.html,2,2,6,2,1.0,9.540305043143173,2.899124412913712,0.0,0.0,0.0,0.0,0.0,0,7.58
5,/cabinet,9,12,17,4,0.5099370762259574,41.671937616644136,2.010438624871603,0.0,0.0,0.0,0.0,0.0,0,0.93
3,/page3,10,10,17,10,0.4636856925005774,7.1143214455887325,2.406810096862361,0.0,15.0,14.0,1.0,17.0,0,1.08
1,/page5,4,10,22,10,0.8179613041218952,28.07573899072195,5.673821369958984,0.0,26.0,22.0,1.0,12.0,1,99.34
1,/page5,4,11,28,9,0.82054944758704,33.545032215271604,4.952137818574476,0.0,24.0,16.0,1.0,20.0,1,99.96
5,/cabinet/about.html,2,2,7,2,0.7898640642921472,12.96732092896668,3.358374452681861,0.0,0.0,0.0,0.0,0.0,0,1.5
1,/page2,7,10,12,10,0.5883124159214254,23.099642581787656,4.119628647282828,1.0,24.0,26.0,1.0,21.0,0,2.52
6,/travel_agency,2,2,2,0,0.0,0.0,1.1458144027403925,0.0,0.0,0.0,0.0,0.0,0,2.29
5,/cabinet/about.html,2,2,8,2,1.0,8.867540161233388,3.1074150707753705,0.0,0.0,0.0,0.0,0.0,0,4.99
4,/details,4,3,6,2,0.9410374285809614,439.5202353032993,1.865938528221811,0.0,0.0,0.0,0.0,0.0,0,0.78
5,/cabinet/faq.html,2,12,18,2,0.5084935983265059,8.313665228605245,2.152510017434406,0.0,0.0,0.0,0.0,0.0,0,2.13
1,/page5,6,16,31,9,0.8791970190920151,34.46814107408492,4.9898228705113485,0.0,17.0,22.0,1.0,16.0,1,99.96
4,/details,2,13,19,2,0.4330053163382631,336.95384184797325,1.5047219138352033,0.0,0.0,0.0,0.0,0.0,0,3.1
4,/,6,11,14,4,0.327205706344914,126.18236736679098,1.1536518506570344,0.0,0.0,0.0,0.0,0.0,0,0.67
4,/page,5,6,8,3,0.7606820864422197,12.846685514351517,1.453213539724171,0.0,0.0,0.0,0.0,0.0,0,3.56
5,/cabinet/appointments.html,3,14,13,2,0.6715234383383444,7.312159493040598,2.6469140214757303,0.0,0.0,0.0,0.0,0.0,0,1.15
6,/travel_agency,2,3,2,0,0.0,0.0,0.9838659877956618,0.0,0.0,0.0,0.0,0.0,0,12.46
1,/page3,5,5,14,5,0.5525737868342735,154.96187473761944,3.537863951513166,0.0,9.0,14.0,0.0,12.0,0,0.98
1,/page5,7,15,24,9,0.7400570361267818,30.59649302478909,5.749429898398867,0.0,18.0,23.0,1.0,13.0,1,99.02
5,/cabinet/about.html,2,11,21,2,0.3216205483804248,8.391761802551121,2.715699022119055,0.0,0.0,0.0,0.0,0.0,0,1.17
1,/page5,7,13,21,10,0.8696475357672526,41.04978221489165,5.727382122595674,0.0,19.0,16.0,1.0,12.0,1,96.91
5,/,2,3,7,3,1.0,367.64413323105214,2.6083760161860647,0.0,0.0,0.0,0.0,0.0,0,1.27
3,/page4,10,17,40,17,0.985371665759018,54.77018076666652,3.046956185678116,0.0,33.0,10.0,0.0,13.0,1,99.95
5,/cabinet,10,14,24,3,0.6012986383390948,60.6817508682972,2.2419988884355933,0.0,0.0,0.0,0.0,0.0,0,18.6
1,/page2,5,9,29,9,0.4544793150404277,18.217837425710453,4.116445249875089,1.0,29.0,27.0,1.0,21.0,0,4.93
4,/details,3,3,5,3,0.9351567631660764,348.58634092827947,1.6061531609702584,0.0,0.0,0.0,0.0,0.0,0,0.39
1,/,8,26,118,12,0.2665125050080733,144.90576919692214,5.738626992303312,5.0,69.0,53.0,15.0,71.0,1,88.98
5,/voyages,1,1,1,1,1.0,140.14437835858683,0.9476793132511864,0.0,0.0,0.0,0.0,0.0,0,0.62
5,/cabinet,9,7,9,2,0.6700060548291225,59.22735566990357,2.143686232878903,0.0,0.0,0.0,0.0,0.0,0,0.4
5,/cabinet,9,7,11,4,0.6414030600060882,50.64789139155629,1.9255792006791428,0.0,0.0,0.0,0.0,0.0,0,0.8
4,/page,4,4,5,2,0.7968475999071178,12.37516094036764,1.6324923494547214,0.0,0.0,0.0,0.0,0.0,0,2.33
3,/page2,9,17,55,13,0.9827323956456944,45.42001358426148,4.205350226841851,0.0,39.0,30.0,3.0,34.0,1,99.72
1,/page4,6,14,24,10,0.8026516205513566,52.78151952923475,3.337089230200533,0.0,14.0,8.0,1.0,13.0,1,99.86
3,/page3,7,6,25,6,0.5744692613313966,6.313727043308345,2.531592212790433,0.0,18.0,15.0,1.0,14.0,0,0.32
4,/,8,10,16,2,0.3232053020027843,165.62020533125065,1.172323872785234,0.0,0.0,0.0,0.0,0.0,0,0.36
3,/page3,10,14,26,11,0.97497398723925,7.6759056197951905,2.756581243887886,0.0,16.0,15.0,1.0,13.0,1,99.64
3,/,13,11,25,11,0.4814899543823109,143.81192318489755,5.482229918647281,3.0,106.0,79.0,22.0,85.0,0,6.18
5,/cabinet,10,9,21,4,0.5004205979737837,62.21535814835376,2.037971108773862,0.0,0.0,0.0,0.0,0.0,0,0.17
6,/travel_agency,3,2,2,0,0.0,0.0,1.1147313471326732,0.0,0.0,0.0,0.0,0.0,0,1.93
5,/cabinet/doctors.html,3,3,7,2,0.6053710693852556,4.357414083645783,2.3561693386610765,0.0,0.0,0.0,0.0,0.0,0,0.89
4,/,7,8,12,4,0.3400259298185253,216.00117081301912,1.2688878025539627,0.0,0.0,0.0,0.0,0.0,0,1.42
3,/page3,8,5,14,5,0.6489463794151855,6.165115698386294,2.9589533380832784,0.0,22.0,17.0,1.0,17.0,0,0.72
5,/cabinet/blog.html,2,11,22,3,0.4746229798873547,28.57964521175091,0.80334260132836,0.0,0.0,0.0,0.0,0.0,0,8.99
5,/voyages,1,1,1,1,0.9328079894152826,86.80659868190848,0.9224963890874052,0.0,0.0,0.0,0.0,0.0,0,0.52
3,/page2,6,21,48,16,0.902412771465222,38.831751704532415,3.6887194206456906,0.0,32.0,24.0,5.0,33.0,1,99.44
5,/cabinet,8,7,8,3,0.4758284808971105,55.61246993060301,1.89941426514324,0.0,0.0,0.0,0.0,0.0,0,0.29
1,/,9,31,78,11,0.2731039035927283,97.20636756603008,4.885680788708041,4.0,76.0,40.0,17.0,69.0,0,1.92
3,/,14,10,11,10,0.6487942702377278,114.44035645445292,4.735093895085086,3.0,104.0,48.0,20.0,88.0,0,1.75
5,/cabinet/blog.html,3,11,16,1,0.666727719474688,27.879842054059534,0.9108259238228924,0.0,0.0,0.0,0.0,0.0,0,3.4
3,/page5,6,21,35,15,0.7999932408620932,239.33461772212704,4.717792092493804,0.0,22.0,25.0,2.0,28.0,1,99.97
1,/page5,6,8,29,8,0.4471978840005485,26.222925310658702,4.656406571427183,0.0,20.0,14.0,1.0,13.0,0,7.91
5,/cabinet/appointments.html,3,11,21,2,0.4821129751518527,6.573715461416207,2.920272682333068,0.0,0.0,0.0,0.0,0.0,0,2.08
3,/page5,6,8,23,8,0.6036662011566355,222.59102285155623,4.237086345861609,0.0,36.0,23.0,2.0,30.0,0,2.01
1,/page2,9,18,44,11,0.7473420139824105,25.39554996273834,4.869079188312154,1.0,27.0,22.0,1.0,16.0,1,99.79
3,/page4,10,19,43,11,0.9471176456489356,63.30647225623967,3.3564094057305964,0.0,22.0,15.0,0.0,13.0,1,99.92
3,/page2,11,9,12,9,0.5453173556802547,30.975565697702105,4.122381115130264,0.0,49.0,24.0,4.0,36.0,0,3.52
4,/page,5,6,6,3,0.4344168938824224,10.3363723252773,1.714481566972427,0.0,0.0,0.0,0.0,0.0,0,0.37
5,/,4,4,6,3,0.9853091397220152,293.1482885745225,2.263920284417015,0.0,0.0,0.0,0.0,0.0,0,2.49
3,/page4,7,12,36,12,1.0,76.93839368015215,3.175942182106517,0.0,32.0,13.0,0.0,21.0,1,99.81
3,/,14,9,15,9,0.670723909985831,149.90881466070053,4.773748889915673,3.0,83.0,69.0,22.0,59.0,0,1.53
4,/,6,6,25,4,0.4513257900571486,139.67081475546212,1.2952728872142432,0.0,0.0,0.0,0.0,0.0,0,1.48
5,/voyages,1,1,1,1,1.0,145.40304383450993,0.9312534225289524,0.0,0.0,0.0,0.0,0.0,0,1.37
5,/cabinet,8,8,7,4,0.6485121511943124,48.75700907426149,1.879063284816534,0.0,0.0,0.0,0.0,0.0,0,0.57
3,/,11,57,135,28,0.4059725568520429,148.2727583685845,5.284696909970718,4.0,87.0,73.0,23.0,82.0,0,2.67
3,/page2,8,13,25,13,0.5023955937850156,43.98328235712496,4.424704664756333,0.0,29.0,25.0,4.0,37.0,1,98.92
5,/cabinet/faq.html,3,2,5,2,0.9525628549105885,6.551511384754683,1.8009363719595843,0.0,0.0,0.0,0.0,0.0,0,1.16
4,/details,3,2,4,2,1.0,514.6166705130199,1.7034623511774354,0.0,0.0,0.0,0.0,0.0,0,1.5
1,/page3,5,12,13,12,0.4454724641669457,121.46661162351408,3.2578198224006454,0.0,14.0,10.0,0.0,12.0,0,7.02
1,/page3,7,8,23,8,0.783847351381938,145.59279151958177,3.1579016036133565,0.0,13.0,11.0,0.0,8.0,0,5.72
5,/cabinet,9,13,16,4,0.512781512620988,63.56092096343263,2.04651455226052,0.0,0.0,0.0,0.0,0.0,0,1.43
4,/,7,13,13,2,0.3305754455990076,141.34276961069625,1.1628012346996233,0.0,0.0,0.0,0.0,0.0,0,1.32
5,/voyages,1,1,1,1,1.0,111.22756202538596,0.998533310707078,0.0,0.0,0.0,0.0,0.0,0,0.74
1,/page5,7,13,26,13,0.4334536636963829,38.738535446811554,5.718239764169162,0.0,24.0,20.0,1.0,13.0,0,2.17
5,/voyages,1,13,29,1,0.6981067577649007,105.37189864150297,0.9655789625413836,0.0,0.0,0.0,0.0,0.0,1,97.61
6,/travel_agency,2,3,2,0,0.0,0.0,1.0766324080757976,0.0,0.0,0.0,0.0,0.0,1,74.94
4,/page,5,6,7,3,0.6940550363959848,7.900723265616203,1.4645300619535315,0.0,0.0,0.0,0.0,0.0,0,0.81
3,/page4,10,16,29,15,0.9667553194139596,74.83669658843408,3.767554084076594,0.0,29.0,12.0,0.0,15.0,1,99.83
5,/cabinet,6,7,12,3,0.6082505570189393,65.10997920664734,2.293541182002985,0.0,0.0,0.0,0.0,0.0,1,91.7
4,/,9,12,10,2,0.3489214082987792,200.3513279159573,1.3051041617003871,0.0,0.0,0.0,0.0,0.0,0,0.45
1,/page3,8,14,27,12,0.7767746176411026,113.5313351951959,3.630914038254059,0.0,9.0,11.0,0.0,10.0,1,99.27
3,/page3,6,13,20,12,0.4661953178865246,6.812337827678471,2.994185623619836,0.0,22.0,16.0,1.0,11.0,0,6.25
5,/cabinet/blog.html,1,9,8,2,0.3140359431225228,26.820347674112565,0.8670169561176272,0.0,0.0,0.0,0.0,0.0,0,1.56
3,/page3,9,10,21,10,0.9105087614529828,6.223812465149501,3.036990596884801,0.0,21.0,17.0,1.0,12.0,1,99.62
5,/cabinet/blog.html,3,8,9,1,0.3110662973783417,26.14709908988219,0.8623706912558632,0.0,0.0,0.0,0.0,0.0,0,6.06
4,/page,4,5,7,3,0.8056451399793814,9.730791330749698,1.6386646152695947,0.0,0.0,0.0,0.0,0.0,0,1.96
4,/page,4,7,7,3,0.6816991824568348,9.519443155807052,1.459613642458064,0.0,0.0,0.0,0.0,0.0,0,2.06
5,/cabinet/faq.html,2,2,4,2,1.0,11.3197980100054,2.2659513422103013,0.0,0.0,0.0,0.0,0.0,0,1.91
5,/cabinet/appointments.html,4,14,21,1,0.6929239667152167,7.7796612578181294,3.039181332975588,0.0,0.0,0.0,0.0,0.0,1,98.95
3,/page5,8,6,26,6,0.6606877315062689,154.00502974214348,4.915593394247604,0.0,36.0,30.0,2.0,22.0,1,90.54
4,/page,4,6,7,3,0.7109563617363668,9.9259940104168,1.4363785620383818,0.0,0.0,0.0,0.0,0.0,0,1.07
1,/page2,6,11,12,11,0.4693224389764214,19.889748191221983,4.562299508981941,1.0,19.0,20.0,1.0,22.0,1,90.85
5,/cabinet,7,11,27,3,0.5583316627206631,64.01912217756545,1.9621568319377904,0.0,0.0,0.0,0.0,0.0,1,97.46
5,/cabinet/doctors.html,5,5,10,2,0.6337140341080524,5.1816433820996455,2.230755716498313,0.0,0.0,0.0,0.0,0.0,0,2.84
5,/cabinet/contact.html,2,2,5,2,0.925469755275177,10.4753380246573,3.09438722719786,0.0,0.0,0.0,0.0,0.0,0,3.3
4,/,8,10,12,2,0.3079685926622181,170.40561121366042,1.1053890128511448,0.0,0.0,0.0,0.0,0.0,0,0.43
5,/cabinet,8,10,13,2,0.6324057996008373,38.89925812495593,1.9647083286872211,0.0,0.0,0.0,0.0,0.0,0,1.24
4,/page,4,8,22,3,0.4277037516836297,12.071419884392927,1.6257887227095695,0.0,0.0,0.0,0.0,0.0,0,0.66
5,/cabinet/faq.html,2,2,3,2,0.9102540664926306,8.445991555604685,1.894299465635796,0.0,0.0,0.0,0.0,0.0,0,7.21
1,/page2,6,11,29,11,0.745709019721529,18.72496522520273,4.176477306345886,1.0,32.0,19.0,1.0,19.0,1,99.94
1,/page3,5,9,24,9,0.7541618186097075,120.270867150166,3.8856151495098,0.0,12.0,13.0,0.0,9.0,0,2.08
5,/cabinet/doctors.html,4,4,12,2,0.5319450392555723,4.725036171151954,2.173161037325471,0.0,0.0,0.0,0.0,0.0,0,1.25
4,/page,5,5,4,3,0.7656195943284804,13.557857052080724,1.4377519826851386,0.0,0.0,0.0,0.0,0.0,1,87.33
5,/cabinet/contact.html,1,2,7,2,0.801592063713907,10.831905274095227,3.2108794128296285,0.0,0.0,0.0,0.0,0.0,0,1.35
5,/cabinet/about.html,2,2,5,2,0.9675891142090582,8.899750282296578,3.399407344564485,0.0,0.0,0.0,0.0,0.0,0,1.02
3,/page3,9,10,17,10,0.9319286782074928,5.09582378840709,2.565741480879024,0.0,23.0,13.0,1.0,17.0,1,94.79
5,/cabinet/contact.html,2,3,6,2,0.9730091386952228,6.407869003497552,3.205283735790636,0.0,0.0,0.0,0.0,0.0,0,0.63
5,/cabinet/appointments.html,3,3,7,2,0.7927804301869237,5.256517484539368,2.673458083089379,0.0,0.0,0.0,0.0,0.0,0,6.45
3,/page4,7,17,33,17,0.9293229114319684,77.69194590158008,3.216880711948845,0.0,30.0,13.0,0.0,16.0,1,99.9
5,/cabinet,8,10,9,3,0.625340376065166,61.42944607110002,2.077502836167243,0.0,0.0,0.0,0.0,0.0,0,2.48
1,/,10,25,83,17,0.3098900972368231,147.02410881341484,5.716105875320283,4.0,70.0,36.0,18.0,54.0,0,1.51
5,/cabinet/appointments.html,4,4,9,2,0.6788368474792752,7.350877251279392,2.887596582209231,0.0,0.0,0.0,0.0,0.0,0,1.01
3,/page5,7,6,23,6,0.377666372796444,237.44338932789856,5.112774896640855,0.0,35.0,29.0,2.0,22.0,0,10.11
3,/page5,10,12,40,12,0.8041580623126089,204.15707472199816,4.348250804514284,0.0,32.0,24.0,2.0,20.0,1,97.36
5,/cabinet/faq.html,2,2,4,2,0.9412034808582752,9.847018323477986,1.821698347078026,0.0,0.0,0.0,0.0,0.0,0,0.92
5,/cabinet/faq.html,2,2,4,2,1.0,11.58829123920629,1.8812301069184163,0.0,0.0,0.0,0.0,0.0,0,0.69
5,/cabinet/faq.html,1,2,5,1,1.0,6.764759295241982,2.2518728853044707,0.0,0.0,0.0,0.0,0.0,0,1.17
6,/travel_agency,2,7,17,0,0.6720049415944878,0.0,1.0915199997795553,0.0,0.0,0.0,0.0,0.0,1,91.89
1,/page5,4,12,25,12,0.7766828423745675,43.05188033109297,5.70288775373473,0.0,28.0,23.0,1.0,14.0,1,97.82
4,/page,4,5,7,4,0.7038872448687792,8.152744577310909,1.6866734273970094,0.0,0.0,0.0,0.0,0.0,0,0.4
1,/,10,31,69,14,0.2797874363583681,147.8920813391244,5.300294607417701,6.0,66.0,58.0,20.0,44.0,0,7.06
1,/,11,20,84,13,0.2752146953354335,127.69191656199848,5.319214528329026,5.0,60.0,41.0,16.0,47.0,0,4.06
5,/cabinet/blog.html,2,6,12,2,0.4952636972966014,28.51207789356692,0.7921402461962563,0.0,0.0,0.0,0.0,0.0,0,3.56
4,/,9,10,16,3,0.304502700965724,216.95003627832796,1.1451126390800543,0.0,0.0,0.0,0.0,0.0,0,0.24
3,/page4,11,12,35,12,0.9558016580695594,67.36387929742885,3.859701213988138,0.0,28.0,9.0,0.0,17.0,1,99.73
5,/cabinet/faq.html,3,1,4,1,1.0,7.459635941738742,2.144055199625326,0.0,0.0,0.0,0.0,0.0,0,2.7
5,/,3,3,8,3,1.0,400.6800771961868,2.320687337139889,0.0,0.0,0.0,0.0,0.0,0,4.95
1,/page3,7,9,24,9,0.8162968613859214,129.3809897443037,3.476242557540317,0.0,11.0,9.0,0.0,8.0,0,2.04
1,/page2,8,12,46,11,0.7505100353061867,16.64914506394766,4.377471965993248,1.0,19.0,29.0,1.0,20.0,1,99.59
1,/page5,5,15,33,12,0.8784578851197395,30.358196579315155,5.676590560302314,0.0,16.0,19.0,1.0,13.0,1,99.96
3,/,17,45,88,19,0.4785481760116908,110.45776392612169,5.165306920244034,3.0,116.0,71.0,20.0,90.0,0,2.74
1,/page2,8,14,29,14,0.8305954972175448,25.596751658407417,4.754277666605049,1.0,31.0,25.0,1.0,19.0,1,99.95
3,/page3,8,10,24,10,1.0,7.521665292210229,2.569809162746852,0.0,22.0,23.0,1.0,11.0,1,99.48
3,/page4,7,15,31,15,1.0,55.181476806842326,3.841381797641987,0.0,26.0,12.0,0.0,14.0,1,99.03
4,/details,3,8,14,4,0.475144884024929,485.8356827087221,1.6633325182871452,0.0,0.0,0.0,0.0,0.0,0,1.37
3,/page4,7,13,39,13,1.0,69.99068136806936,3.686088826416016,0.0,26.0,11.0,0.0,19.0,1,99.47
1,/page3,6,11,21,10,0.8,119.85,3.5,0.0,12.0,12.0,0.0,10.0,1,99.58
1,/page2,7,19,31,11,0.7249814532615219,25.1606441960912,4.266165819503043,1.0,26.0,32.0,1.0,24.0,1,99.97
4,/,8,10,11,3,0.3510973872398582,122.43835758512256,1.03223475700303,0.0,0.0,0.0,0.0,0.0,0,1.5
5,/cabinet/about.html,3,9,12,2,0.6754774503823919,8.439056440210221,3.445894311287274,0.0,0.0,0.0,0.0,0.0,0,0.22
3,/,20,13,26,13,0.4222316267724601,182.60028982083827,4.670030615663299,2.0,115.0,61.0,23.0,95.0,0,3.68
3,/,16,49,120,26,0.486,147.132,4.911333333333333,3.0,94.0,65.0,23.0,74.0,0,7.28
1,/,11,25,75,15,0.2863477814535371,131.41335904970754,4.789100072572841,6.0,90.0,55.0,18.0,50.0,0,1.23
3,/page3,7,16,19,8,0.905619921610986,6.412599088865517,2.694858566870077,0.0,15.0,19.0,1.0,13.0,0,3.66
6,/travel_agency,2,1,2,0,0.0,0.0,1.1290677093358827,0.0,0.0,0.0,0.0,0.0,0,2.29
3,/page4,10,16,40,16,1.0,78.02022287672106,3.251383441652176,0.0,27.0,9.0,0.0,16.0,1,99.77
5,/cabinet/doctors.html,5,3,11,3,0.6086904352526433,4.751855792492563,2.3826163602269723,0.0,0.0,0.0,0.0,0.0,0,7.34
1,/page2,7,11,32,11,0.8769897884843879,24.885930136035043,4.149288849643972,1.0,27.0,29.0,1.0,23.0,1,99.92
5,/cabinet/contact.html,2,2,7,2,0.904835608750834,7.83753225991574,3.0947990968989547,0.0,0.0,0.0,0.0,0.0,0,9.61
5,/cabinet/contact.html,2,2,4,2,0.922219441769198,7.134338166262067,2.923407248642095,0.0,0.0,0.0,0.0,0.0,0,5.9
5,/voyages,1,13,14,1,0.6275225590273849,122.49850239651396,1.072892594442014,0.0,0.0,0.0,0.0,0.0,0,9.43
5,/cabinet,7,8,11,4,0.701471628152051,66.31196944181069,2.244565267852429,0.0,0.0,0.0,0.0,0.0,0,4.17
6,/travel_agency,2,2,2,0,0.0,0.0,1.0853850342369082,0.0,0.0,0.0,0.0,0.0,0,7.08
5,/cabinet/appointments.html,2,3,9,2,0.7558158879172675,5.3326678940788845,2.7267908120293605,0.0,0.0,0.0,0.0,0.0,1,83.88
5,/voyages,1,1,1,1,1.0,121.26666040462248,1.0186819463176209,0.0,0.0,0.0,0.0,0.0,0,1.78
1,/,11,5,13,5,0.4546708263364187,148.28681869790984,5.084539242545449,4.0,78.0,47.0,15.0,56.0,0,4.39
1,/page2,5,17,27,16,0.7899509434171591,28.81154585542368,4.645647825706049,1.0,33.0,23.0,1.0,16.0,1,99.86
4,/,7,10,12,3,0.3328571428571428,167.4385714285714,1.1428571428571428,0.0,0.0,0.0,0.0,0.0,0,0.93
5,/cabinet,8,6,10,3,0.5238688933957111,60.23219436043863,2.1510485941897453,0.0,0.0,0.0,0.0,0.0,0,0.28
3,/page3,8,11,16,11,0.9710758208335492,5.418657086311083,2.7745857274332764,0.0,23.0,14.0,1.0,15.0,0,8.55
4,/,7,13,12,2,0.3170314048522547,161.0160109500557,1.0734007497560345,0.0,0.0,0.0,0.0,0.0,0,5.94
5,/cabinet/appointments.html,4,3,8,2,0.7646894140229745,5.160976536449315,3.060138692770194,0.0,0.0,0.0,0.0,0.0,0,9.56
6,/travel_agency,3,2,2,0,0.0,0.0,1.0146012632576322,0.0,0.0,0.0,0.0,0.0,0,5.3
1,/page3,7,14,25,8,0.7438386969552312,121.76451726161086,3.3653109514482487,0.0,11.0,12.0,0.0,11.0,1,99.44
3,/page3,10,6,13,6,0.4699218435672505,7.709678664733284,2.47238906421477,0.0,15.0,19.0,1.0,13.0,0,0.3
4,/page,4,6,6,3,0.7097023069800226,8.402639070782463,1.423758209336705,0.0,0.0,0.0,0.0,0.0,0,1.06
1,/,11,11,22,11,0.5619523273905019,95.91837738114188,5.259973501023333,4.0,87.0,48.0,18.0,63.0,1,98.07
1,/,12,35,117,17,0.3016914965602116,118.99422804318152,5.902462371917554,6.0,51.0,35.0,17.0,66.0,0,1.03
5,/cabinet/appointments.html,4,10,20,2,0.494978904523794,7.833181780245975,3.044889300195196,0.0,0.0,0.0,0.0,0.0,0,2.54
3,/page3,10,10,28,10,0.6365664247596812,7.670270636781446,2.5249310547890165,0.0,16.0,18.0,1.0,12.0,1,98.91
5,/cabinet,9,6,7,2,0.6363055710484437,54.58168060094312,2.118832023074295,0.0,0.0,0.0,0.0,0.0,0,0.17
5,/cabinet/blog.html,2,6,7,2,0.3272147881725488,25.664111653605733,0.7773590103675662,0.0,0.0,0.0,0.0,0.0,0,3.24
1,/page5,6,14,21,12,0.5859203714299267,43.88896665027836,4.798948472227804,0.0,24.0,22.0,1.0,20.0,1,99.79
5,/,3,3,7,2,0.8877706305971467,453.2490186211981,2.411212191741813,0.0,0.0,0.0,0.0,0.0,0,7.83
1,/page2,9,12,48,12,0.7382780681472636,23.97216424580129,4.929269860659864,1.0,21.0,25.0,1.0,23.0,1,99.27
5,/cabinet/appointments.html,4,4,6,2,0.7977813869858255,5.739251254458288,2.888564598136048,0.0,0.0,0.0,0.0,0.0,0,1.48
5,/cabinet/about.html,2,2,7,2,0.9464267825600312,7.037183717313184,3.2678629352305792,0.0,0.0,0.0,0.0,0.0,0,2.3
5,/cabinet,10,9,7,3,0.6344218989827254,56.61774633925445,2.124540301009442,0.0,0.0,0.0,0.0,0.0,0,0.51
3,/page2,11,20,42,20,0.911721443185231,43.48649002577856,3.888710632975727,0.0,42.0,26.0,3.0,33.0,1,97.0
5,/cabinet/faq.html,2,1,3,1,0.9108820255500356,9.856887507503105,2.2185038979015586,0.0,0.0,0.0,0.0,0.0,0,10.08
3,/page3,9,10,21,10,0.8766659176110918,4.992357358464778,3.006790900301928,0.0,16.0,23.0,1.0,17.0,1,99.27
1,/page5,8,9,34,9,0.7565911055040585,43.19938378828677,4.685222410287432,0.0,18.0,19.0,1.0,18.0,0,11.42
1,/page5,7,12,29,10,0.7972000672376578,34.04977773056051,4.98404658897262,0.0,16.0,23.0,1.0,20.0,1,99.87
5,/,3,2,6,2,0.9455556683235604,392.9385814043629,2.4821645870840445,0.0,0.0,0.0,0.0,0.0,1,78.75
5,/cabinet/doctors.html,4,5,8,3,0.6826528753390064,4.082572954895394,2.184906029185256,0.0,0.0,0.0,0.0,0.0,0,7.6
3,/page3,9,12,26,9,0.9578615702083916,6.673937926981932,2.3954657601128604,0.0,24.0,15.0,1.0,11.0,1,98.53
3,/page2,7,24,45,13,0.9754774615337436,30.466946977679523,4.588230708769967,0.0,45.0,37.0,4.0,39.0,1,99.9
4,/,6,12,9,3,0.3586563612857869,181.6305685584599,1.1467555899221995,0.0,0.0,0.0,0.0,0.0,0,0.91
5,/cabinet,9,9,29,4,0.4599618923948331,66.04380551363036,1.886097133712877,0.0,0.0,0.0,0.0,0.0,0,0.39
4,/,6,9,10,3,0.3405954489411521,165.7184951555277,1.1400930797890156,0.0,0.0,0.0,0.0,0.0,0,0.79
3,/,16,11,24,11,0.5173098607382196,181.63641394388424,4.716766985469381,3.0,72.0,54.0,23.0,79.0,1,99.27
5,/cabinet/doctors.html,3,5,10,2,0.6711851833690715,5.412410058967393,2.4549413343476525,0.0,0.0,0.0,0.0,0.0,0,1.3
6,/travel_agency,2,14,28,0,0.6528157370618406,0.0,0.984526640857294,0.0,0.0,0.0,0.0,0.0,1,96.67
3,/page2,9,24,49,17,0.9602926565589452,51.965149138311006,3.686745901337332,0.0,30.0,38.0,4.0,24.0,1,99.69
5,/cabinet/contact.html,3,2,7,2,0.9785917613273364,10.207576926042776,3.379690677553401,0.0,0.0,0.0,0.0,0.0,0,2.57
5,/cabinet/appointments.html,3,3,11,2,0.6754761447276756,7.960639768083222,2.882084724991325,0.0,0.0,0.0,0.0,0.0,0,1.14
1,/,12,26,93,18,0.2888960241569549,134.29870840975863,5.810834241983652,6.0,55.0,62.0,18.0,48.0,0,2.37
3,/page3,7,13,27,13,0.9852359866730046,4.811075960560731,2.4246360492115717,0.0,18.0,16.0,1.0,18.0,1,99.2
5,/voyages,1,6,23,1,0.4315686498255784,141.74234003549495,0.9786722434678315,0.0,0.0,0.0,0.0,0.0,0,6.7
3,/page5,9,14,42,14,0.8266011863434901,182.90872529983963,4.420030891712391,0.0,24.0,21.0,2.0,24.0,0,24.96
3,/page5,10,20,42,16,0.8006121218239953,173.4379378504522,5.171502350225205,0.0,22.0,30.0,2.0,20.0,1,98.7
5,/,2,10,28,3,0.5013243990204541,268.24137915010795,2.767831412238442,0.0,0.0,0.0,0.0,0.0,1,98.9
3,/page3,8,13,22,12,0.9285714285714286,6.151428571428572,2.642857142857143,0.0,19.0,18.0,1.0,15.0,1,99.44
1,/page4,7,10,27,10,0.7498757273236867,56.76793293934968,3.659920651081132,0.0,16.0,10.0,1.0,9.0,1,99.64
5,/voyages,1,1,1,1,0.7112851487721853,103.03331786467167,0.9586360251870132,0.0,0.0,0.0,0.0,0.0,0,3.32
3,/page5,7,22,31,18,0.948637620170779,191.54475386629875,4.209437323486436,0.0,26.0,32.0,2.0,23.0,1,99.73
5,/,2,4,8,3,0.9655132587844252,308.99493641936044,2.5574224746630145,0.0,0.0,0.0,0.0,0.0,0,1.79
5,/cabinet/blog.html,2,9,7,3,0.3176328582231652,23.455850098899795,0.7687431830960335,0.0,0.0,0.0,0.0,0.0,0,2.19
4,/page,3,7,4,3,0.7173748089931447,11.103197517551814,1.6239060993824008,0.0,0.0,0.0,0.0,0.0,0,4.56
3,/page2,9,14,35,13,0.904159647093448,31.24497300819984,3.780463897333018,0.0,49.0,31.0,5.0,22.0,1,99.6
5,/,4,3,5,3,1.0,439.8178407921995,2.6431984866464164,0.0,0.0,0.0,0.0,0.0,0,0.87
5,/voyages,1,1,1,1,1.0,89.56626280417142,0.9891044637894468,0.0,0.0,0.0,0.0,0.0,0,0.56
3,/page4,9,17,33,17,1.0,65.90678126161485,3.669484737463293,0.0,25.0,11.0,0.0,21.0,1,99.98
4,/details,2,3,5,3,0.9641424329968588,566.2492196940487,1.7673248671847477,0.0,0.0,0.0,0.0,0.0,0,0.41
5,/,3,9,28,3,0.6017567212714418,328.92314049662593,2.79183815176907,0.0,0.0,0.0,0.0,0.0,0,4.7
5,/voyages,1,1,1,1,1.0,105.00187071357688,1.0052678495484084,0.0,0.0,0.0,0.0,0.0,0,0.74
5,/cabinet,10,8,9,3,0.6297725844568397,56.5766802987334,1.8572664341631744,0.0,0.0,0.0,0.0,0.0,0,0.58
5,/cabinet/about.html,2,2,7,2,0.9808440087786432,9.740532607183209,3.428943413026751,0.0,0.0,0.0,0.0,0.0,0,1.93
3,/,20,52,124,25,0.4790933892094101,150.74306101482273,5.275299731405833,3.0,75.0,65.0,22.0,90.0,0,6.45
6,/travel_agency,2,2,2,0,0.0,0.0,0.9243947923940674,0.0,0.0,0.0,0.0,0.0,0,1.82
5,/cabinet/appointments.html,3,4,8,3,0.5906195413058496,8.082521508742923,2.5366094352467843,0.0,0.0,0.0,0.0,0.0,0,0.27
1,/page5,6,14,29,11,0.6031457237373021,32.4813900982632,4.886043030009176,0.0,17.0,26.0,1.0,22.0,1,99.97
1,/page2,5,11,25,11,0.4260775044851048,17.519390439889612,4.131410105324413,1.0,32.0,30.0,1.0,22.0,0,4.15
1,/page4,6,16,24,11,0.8596368400775364,90.44485819235496,3.502143811507807,0.0,19.0,11.0,1.0,8.0,1,99.95
5,/cabinet/blog.html,3,9,7,2,0.3026852108490258,27.669712982906965,0.8346506316344958,0.0,0.0,0.0,0.0,0.0,0,1.79
4,/,9,14,15,3,0.6057138306474042,158.1032126405761,1.222194726033628,0.0,0.0,0.0,0.0,0.0,0,3.56
3,/page2,10,14,42,14,0.8472178798059732,33.60016048641013,4.057898254491192,0.0,38.0,32.0,4.0,29.0,1,99.65
4,/,8,11,16,3,0.6762312548908226,200.1140746905447,1.2766294502225652,0.0,0.0,0.0,0.0,0.0,0,5.72
3,/page2,9,8,14,8,0.4241846215508805,48.344353052148165,4.214212444851482,0.0,42.0,40.0,4.0,27.0,0,3.37
1,/page3,5,9,19,8,0.6042924481714733,113.67507050435512,3.874095658621015,0.0,14.0,8.0,0.0,10.0,0,0.27
5,/,3,13,11,3,0.4057130227822875,271.2813501245961,2.5644177016450174,0.0,0.0,0.0,0.0,0.0,0,6.03
5,/cabinet/about.html,2,12,29,2,0.3085264204839157,9.3587440739317,3.290196079422496,0.0,0.0,0.0,0.0,0.0,0,2.27
3,/page5,7,8,28,8,0.4111665113707988,171.00450907569606,4.126344727789601,0.0,30.0,33.0,2.0,21.0,0,7.31
1,/,10,29,92,15,0.295,125.1325,5.20875,5.0,70.0,49.0,18.0,56.0,0,1.12
5,/cabinet/appointments.html,3,3,9,2,0.7442751651840913,4.44734376987708,2.6313999874724803,0.0,0.0,0.0,0.0,0.0,0,19.16
4,/page,4,11,28,3,0.6557291252707357,12.357041996067238,1.5140053396622233,0.0,0.0,0.0,0.0,0.0,1,99.72
3,/page3,8,14,19,14,0.9768581726358184,5.4597546530758345,2.64991531109608,0.0,24.0,20.0,1.0,13.0,0,3.41
5,/voyages,1,1,1,1,0.967805709948782,126.50774965411765,1.0118449556595168,0.0,0.0,0.0,0.0,0.0,0,2.5
5,/voyages,1,6,20,1,0.6399841145754646,124.7846176225866,0.9208044256850176,0.0,0.0,0.0,0.0,0.0,0,8.02
4,/details,4,5,22,4,0.6561597980575611,540.8839769907958,1.8476787999607256,0.0,0.0,0.0,0.0,0.0,0,11.66
1,/page4,7,16,32,9,0.5505324563097609,55.5254865787273,3.823919912106682,0.0,13.0,10.0,1.0,11.0,1,99.76
5,/cabinet/faq.html,2,2,4,2,1.0,7.285826032620904,2.0721183788052087,0.0,0.0,0.0,0.0,0.0,0,0.69
3,/page4,9,10,22,10,0.4952166550083655,61.37344408662579,3.1639050440261225,0.0,26.0,9.0,0.0,19.0,0,12.95
3,/page4,9,13,34,13,0.954694903074996,81.57292363142972,3.064783853292645,0.0,25.0,11.0,0.0,18.0,1,99.79
5,/cabinet/faq.html,1,5,23,2,0.4076343667476658,7.392907197149102,2.187130284216225,0.0,0.0,0.0,0.0,0.0,0,0.93
1,/page2,9,11,26,10,0.734166945698179,16.66363407020967,4.385764926370743,1.0,22.0,23.0,1.0,18.0,0,17.31
5,/voyages,1,1,1,1,1.0,119.53773255429682,1.0612743614106632,0.0,0.0,0.0,0.0,0.0,0,1.77
1,/page4,6,11,32,11,0.8018040739521203,74.7024255738772,3.8639831020406463,0.0,24.0,10.0,1.0,13.0,1,99.37
3,/page2,11,17,32,17,0.6447037815899522,52.53623557412742,4.21820221004841,0.0,45.0,28.0,5.0,29.0,1,99.49
5,/cabinet/faq.html,3,1,4,1,0.8922952911613242,9.10951118683512,1.8374720063492485,0.0,0.0,0.0,0.0,0.0,1,84.23
1,/page2,8,16,45,10,0.8472427698975825,18.93335755296465,4.0459301385806326,1.0,31.0,27.0,1.0,18.0,1,99.95
3,/page2,12,23,39,22,0.9274570466506232,51.476954837432885,4.352464044132465,0.0,37.0,33.0,4.0,28.0,1,99.64
1,/page3,6,11,16,11,0.610074674040261,128.44956983670292,3.718925955848384,0.0,9.0,14.0,0.0,7.0,0,5.6
3,/page2,7,14,46,14,0.8596246799825384,42.3276108878796,4.6412158600549365,0.0,30.0,23.0,3.0,32.0,1,99.18
5,/cabinet/about.html,3,2,7,1,1.0,7.908376952562649,3.327997615449781,0.0,0.0,0.0,0.0,0.0,0,1.8
1,/page4,7,15,34,13,0.7826441117084527,71.1134663472045,3.9734467855095454,0.0,20.0,10.0,1.0,8.0,1,99.93
1,/page3,6,12,20,12,0.5486356310382945,91.24057267767355,3.726355627931513,0.0,14.0,9.0,0.0,13.0,1,99.78
1,/page4,6,11,32,9,0.6698224378953718,90.91001954718564,3.947719331984426,0.0,23.0,9.0,1.0,9.0,1,99.57
1,/,13,32,115,18,0.292017589774154,94.75609384104182,5.17074989278443,5.0,77.0,52.0,16.0,58.0,0,1.21
4,/page,4,7,6,3,0.7352312607007925,9.460951760042573,1.6512237752351728,0.0,0.0,0.0,0.0,0.0,0,1.43
1,/page5,7,9,26,9,0.7230924209468163,26.270497930221985,5.017053343648295,0.0,21.0,20.0,1.0,12.0,0,3.36
5,/cabinet/blog.html,1,9,17,2,0.5526628754228005,28.497008652005004,0.7911814451821394,0.0,0.0,0.0,0.0,0.0,0,3.42
5,/voyages,1,12,17,1,0.5417380986561843,148.90935342546942,1.014223638745607,0.0,0.0,0.0,0.0,0.0,1,92.51
1,/page4,9,5,17,5,0.5265484535616494,68.07858385258882,3.799356043313973,0.0,19.0,12.0,1.0,9.0,0,1.54
4,/,5,11,10,3,0.5166024252012852,136.78128814752876,1.1689515519748943,0.0,0.0,0.0,0.0,0.0,0,1.08
1,/page3,7,13,26,9,0.8408067085994047,117.0123952489834,3.886748733778804,0.0,14.0,13.0,0.0,10.0,0,18.03
1,/page4,6,15,31,14,0.8307988522670762,71.89288049758548,3.95249412571485,0.0,17.0,13.0,1.0,13.0,1,99.82
3,/page2,9,19,44,17,0.9042857142857142,40.90714285714286,4.071428571428571,0.0,40.0,32.0,4.0,31.0,1,98.83
5,/cabinet,10,6,11,4,0.6680326070429428,56.781299510155264,2.272814838874498,0.0,0.0,0.0,0.0,0.0,0,1.81
5,/voyages,1,1,1,1,1.0,136.02830223296831,1.019210700978865,0.0,0.0,0.0,0.0,0.0,0,2.49
1,/page2,7,15,47,10,0.8137967731226876,23.143482827460133,4.527313303092246,1.0,32.0,31.0,1.0,22.0,1,99.99
5,/cabinet/about.html,2,2,6,2,1.0,8.227317679893602,3.070490385107618,0.0,0.0,0.0,0.0,0.0,0,1.75
3,/page4,8,15,37,15,1.0,62.32938717404363,3.4731490140681847,0.0,25.0,10.0,0.0,22.0,1,99.9
3,/,14,61,156,31,0.5195214950018082,124.97469201672158,5.1282944287308485,2.0,71.0,84.0,21.0,85.0,1,98.81
1,/page4,5,14,29,12,0.816558026655433,82.99413945177841,4.074614824704712,0.0,23.0,11.0,1.0,8.0,1,99.41
6,/travel_agency,2,2,3,0,0.0,0.0,1.104859520448317,0.0,0.0,0.0,0.0,0.0,0,3.79
3,/,13,60,138,32,0.5111471292171331,155.70879268857905,5.223365978947391,3.0,98.0,70.0,20.0,73.0,1,98.73
1,/page5,4,9,20,9,0.3498589894394737,38.26963043638748,4.6142393579147205,0.0,27.0,23.0,1.0,14.0,0,1.24
6,/travel_agency,2,5,16,0,0.4183438543143059,0.0,1.1187968033646822,0.0,0.0,0.0,0.0,0.0,0,3.2
5,/cabinet,7,8,9,3,0.6506076132275959,54.38197247213167,1.867392892458719,0.0,0.0,0.0,0.0,0.0,0,1.24
1,/page3,5,9,16,9,0.7361673297617035,133.668322081225,3.204505323363805,0.0,16.0,14.0,0.0,9.0,0,2.75
6,/travel_agency,1,2,2,0,0.0,0.0,1.1146623947256575,0.0,0.0,0.0,0.0,0.0,0,2.18
3,/page4,7,8,17,8,0.4413287895573148,72.36086728695871,3.126043377904683,0.0,29.0,14.0,0.0,13.0,1,94.85
1,/page5,4,11,12,10,0.6410448229890653,33.92670285640409,5.493144430613436,0.0,16.0,15.0,1.0,15.0,0,3.84
1,/,10,30,80,16,0.1645240585447306,90.39683333719664,5.759055167583999,5.0,54.0,50.0,20.0,46.0,0,2.34
5,/voyages,1,1,1,1,1.0,135.9239395654852,1.0639311186481244,0.0,0.0,0.0,0.0,0.0,0,1.96
1,/page3,6,11,21,11,0.7247031113210411,112.33649586384269,3.6804151243660246,0.0,14.0,13.0,0.0,9.0,1,99.74
5,/cabinet/faq.html,3,2,4,2,1.0,9.72354520637472,2.2003464004583653,0.0,0.0,0.0,0.0,0.0,0,1.66
1,/,9,37,111,18,0.2931528964279032,118.73719082576072,5.043902271479767,4.0,85.0,58.0,22.0,73.0,0,1.11
5,/cabinet/faq.html,2,2,5,2,0.9357412241865218,9.469164655740894,2.132602051740533,0.0,0.0,0.0,0.0,0.0,0,1.18
5,/cabinet/blog.html,2,6,8,2,0.3584135574816656,29.02513131913893,0.8082171712991447,0.0,0.0,0.0,0.0,0.0,0,6.36
4,/page,3,4,7,4,0.6839220244662585,11.46268715663842,1.4918275439524042,0.0,0.0,0.0,0.0,0.0,0,1.0
1,/,8,26,93,14,0.2826825192716845,133.5303594093089,4.869522161667831,5.0,64.0,48.0,20.0,46.0,1,89.3
3,/page5,7,16,36,16,0.9337610253886884,190.38047828189755,5.034818609189241,0.0,21.0,28.0,2.0,29.0,1,99.88
4,/details,2,2,5,2,1.0,454.8816287927373,1.6181279959462247,0.0,0.0,0.0,0.0,0.0,0,1.59
6,/travel_agency,2,1,2,0,0.0,0.0,1.017056601023158,0.0,0.0,0.0,0.0,0.0,0,5.83
3,/page3,9,7,15,7,0.4620980803735174,6.209288481946752,2.7071141750689725,0.0,15.0,22.0,1.0,13.0,0,0.18
1,/,13,37,106,14,0.1718953808485057,145.940551874374,5.415022033952843,5.0,87.0,38.0,18.0,40.0,0,2.61
4,/,6,13,10,3,0.4617661932299798,179.49428253675995,1.1257779984146448,0.0,0.0,0.0,0.0,0.0,0,1.18
5,/voyages,1,14,14,1,0.52182288771011,148.08276535857678,1.0610603502064957,0.0,0.0,0.0,0.0,0.0,1,96.88
5,/cabinet,7,8,7,2,0.6948700579057941,62.70115318542207,2.0114342045295435,0.0,0.0,0.0,0.0,0.0,0,0.58
3,/page2,8,24,42,15,0.8229632144490288,29.930085564694043,4.368654314088559,0.0,33.0,34.0,4.0,32.0,1,99.76
4,/details,4,7,10,3,0.6882144255009451,531.6079916021,1.5812953416767543,0.0,0.0,0.0,0.0,0.0,0,8.49
5,/cabinet/doctors.html,3,7,18,2,0.5804102880970199,4.17079532787852,2.096896600378081,0.0,0.0,0.0,0.0,0.0,0,4.19
5,/cabinet/contact.html,2,9,14,2,0.4411644435892073,6.495584397301465,3.3332741184098222,0.0,0.0,0.0,0.0,0.0,0,0.33
6,/travel_agency,2,2,2,0,0.0,0.0,1.0360634773377158,0.0,0.0,0.0,0.0,0.0,0,7.48
5,/cabinet/contact.html,2,2,6,2,1.0,8.43,3.0,0.0,0.0,0.0,0.0,0.0,0,1.75
5,/cabinet/doctors.html,4,3,8,3,0.6427987483750413,5.018983854236076,2.166991411699951,0.0,0.0,0.0,0.0,0.0,0,3.25
4,/page,5,10,13,4,0.4841389672613957,13.72864638065028,1.5104680088204194,0.0,0.0,0.0,0.0,0.0,0,2.0
3,/page4,10,9,16,9,0.4577479451907481,53.30507511328477,3.584392074925405,0.0,23.0,11.0,0.0,22.0,0,3.97
3,/page4,11,11,26,11,0.4813426760141764,55.74003707305859,3.821525658506634,0.0,22.0,11.0,0.0,18.0,0,3.3
1,/page2,5,13,32,13,0.7601169056898557,24.903704522289672,4.401344388898641,1.0,31.0,24.0,1.0,19.0,1,99.96
1,/,8,13,24,13,0.5072183372506586,94.25249188321284,4.844965523398813,5.0,58.0,45.0,18.0,62.0,1,99.65
3,/page4,10,18,29,16,0.9628324127673944,91.06682955758994,3.049480498294084,0.0,22.0,14.0,0.0,15.0,1,99.87
3,/page2,7,20,37,15,0.9126880734039724,38.87471446336856,3.8273724867082297,0.0,38.0,37.0,5.0,23.0,0,26.99
3,/page2,8,15,33,15,0.9799558983250362,44.583583473510615,3.769566866911563,0.0,45.0,37.0,3.0,22.0,1,99.84
3,/page4,7,13,42,13,0.966975658027397,74.47410451790492,3.784838988968113,0.0,32.0,15.0,0.0,14.0,0,23.18
3,/page4,7,18,33,17,0.9621430656622896,72.05820033132782,3.7405582399462376,0.0,25.0,12.0,0.0,17.0,1,99.94
5,/,4,14,13,2,0.4805019373823972,435.93589833106273,2.606676984419986,0.0,0.0,0.0,0.0,0.0,1,95.61
3,/page2,7,25,35,22,0.9906051992327318,48.118698347491474,4.33548408640489,0.0,49.0,28.0,4.0,33.0,1,99.83
4,/page,4,6,6,3,0.75,10.7475,1.5,0.0,0.0,0.0,0.0,0.0,0,1.78
1,/page4,5,16,27,14,0.8628944328312665,55.34599049155443,4.1472049057621065,0.0,19.0,12.0,1.0,8.0,1,99.77
3,/page4,6,10,26,10,0.4548593580264617,67.93725752817102,3.394403465485728,0.0,31.0,11.0,0.0,17.0,0,9.71
4,/,7,12,16,3,0.3208941734290688,208.2922396935882,1.0832120368788918,0.0,0.0,0.0,0.0,0.0,0,3.06
5,/cabinet,8,8,13,3,0.6557068038836628,51.26053241560877,2.274539801591408,0.0,0.0,0.0,0.0,0.0,0,8.3
3,/,17,11,12,11,0.5229013160127978,142.18125430825944,4.447105915514249,3.0,94.0,48.0,23.0,93.0,0,7.66
4,/page,4,11,20,4,0.4206970026131378,10.659746413731233,1.46191899793041,0.0,0.0,0.0,0.0,0.0,0,2.19
5,/cabinet/about.html,2,2,5,2,0.9075494633934869,10.546417240669117,2.872471061550776,0.0,0.0,0.0,0.0,0.0,0,12.78
4,/,7,10,10,4,0.359459125308524,195.7624044679171,1.084388274528174,0.0,0.0,0.0,0.0,0.0,0,1.72
4,/details,3,3,6,3,1.0,332.0568577276993,1.881284722232531,0.0,0.0,0.0,0.0,0.0,0,0.36
5,/,4,11,10,3,0.6258958579117555,388.99642908560224,2.49900029163089,0.0,0.0,0.0,0.0,0.0,1,95.59
5,/cabinet/contact.html,2,11,12,2,0.6712998542597619,7.233295469272661,2.7029469910666637,0.0,0.0,0.0,0.0,0.0,0,1.44
1,/page4,5,13,36,11,0.7262393620119859,53.92750211814892,3.6888877529508544,0.0,14.0,13.0,1.0,10.0,1,99.87
5,/cabinet/about.html,2,8,22,2,0.6887050400314834,9.592946314010517,2.805583755009174,0.0,0.0,0.0,0.0,0.0,0,1.25
4,/details,2,3,5,3,0.7101508877085068,486.48456081149885,1.5472446231469053,0.0,0.0,0.0,0.0,0.0,0,1.92
6,/travel_agency,2,2,2,0,0.0,0.0,1.142310532614509,0.0,0.0,0.0,0.0,0.0,0,2.29
4,/,9,12,9,3,0.3413755386671135,144.85347355828603,1.288453341443936,0.0,0.0,0.0,0.0,0.0,0,0.45
1,/page4,9,15,25,14,0.7650433917463889,91.83265809105528,3.4341368611310417,0.0,19.0,8.0,1.0,8.0,1,99.68
3,/,13,6,18,6,0.4572177962772684,103.26967667320338,4.634141856653585,3.0,91.0,84.0,22.0,84.0,0,4.91
5,/cabinet,8,7,12,3,0.5983319391953085,51.17513717519882,2.28995721639119,0.0,0.0,0.0,0.0,0.0,0,4.38
5,/cabinet/faq.html,3,5,27,2,0.5002739122471394,10.644873260488072,2.135201445508182,0.0,0.0,0.0,0.0,0.0,0,0.38
3,/page4,11,16,36,12,0.7280684183469908,92.11744907903942,3.786704870863464,0.0,20.0,11.0,0.0,20.0,1,99.1
1,/page2,7,16,35,15,0.8694987223630424,28.950676626793644,4.354652324259442,1.0,34.0,30.0,1.0,25.0,1,99.96
1,/page3,7,8,19,8,0.812817956751275,102.17628954042873,3.606513790806686,0.0,12.0,9.0,0.0,8.0,0,0.79
4,/page,3,6,5,3,0.692690801231135,11.746637712802375,1.4562361979991385,0.0,0.0,0.0,0.0,0.0,0,0.76
4,/page,3,7,6,3,0.7420820611190678,9.52053888646345,1.531053784998139,0.0,0.0,0.0,0.0,0.0,0,2.18
3,/page5,9,14,20,11,0.5082418934134008,165.46017934509456,4.866227983750429,0.0,34.0,23.0,2.0,23.0,1,99.5
1,/page3,7,11,15,9,0.8028338629415539,90.21347995350496,3.4567985648080333,0.0,9.0,11.0,0.0,10.0,0,2.63
1,/page3,5,13,17,8,0.8741354932512639,102.25409219322152,3.7289283065747534,0.0,11.0,9.0,0.0,12.0,0,2.32
3,/page5,6,14,20,11,0.698685717886812,272.7907806277874,4.314153069936985,0.0,23.0,31.0,2.0,25.0,1,98.79
1,/page2,9,13,18,13,0.4559314786432764,26.42932168094365,3.939860390194111,1.0,31.0,21.0,1.0,15.0,0,3.57
4,/page,4,8,7,2,0.7866190028571556,12.719405296131676,1.451770570588787,0.0,0.0,0.0,0.0,0.0,0,2.72
1,/page2,7,14,39,14,0.5285419183103134,25.298854988624477,4.663194949424514,1.0,25.0,31.0,1.0,20.0,1,99.96
3,/page3,9,13,24,10,0.8566708776198155,6.50735252167265,2.6988127165472027,0.0,18.0,14.0,1.0,14.0,1,99.6
6,/travel_agency,1,2,1,0,0.0,0.0,1.097285987823228,0.0,0.0,0.0,0.0,0.0,0,4.15
5,/voyages,1,10,14,1,0.5007082426931152,127.75055391187074,1.0343013890965749,0.0,0.0,0.0,0.0,0.0,0,7.23
5,/voyages,1,1,1,1,0.9438368691304664,134.30515742938758,1.04563792409615,0.0,0.0,0.0,0.0,0.0,0,3.81
5,/,3,3,7,3,0.9354963669982024,318.4967747176128,2.756706540769008,0.0,0.0,0.0,0.0,0.0,0,1.28
6,/travel_agency,3,2,1,0,0.0,0.0,0.9193718225339372,0.0,0.0,0.0,0.0,0.0,0,1.65
5,/,2,3,7,3,0.986368738462406,273.9866929377075,2.572841568993289,0.0,0.0,0.0,0.0,0.0,0,1.83
1,/page2,7,13,36,9,0.6506389836900048,16.63354639628109,4.223730217772611,1.0,30.0,22.0,1.0,14.0,1,99.62
4,/details,3,3,5,3,1.0,442.9533333333333,1.6666666666666667,0.0,0.0,0.0,0.0,0.0,0,0.32
3,/page5,8,14,31,11,0.8758404185510257,255.05507554157467,5.181234806864787,0.0,22.0,25.0,2.0,28.0,1,99.79
4,/details,2,3,4,2,1.0,499.9315444711086,1.881934626122465,0.0,0.0,0.0,0.0,0.0,0,0.55
1,/,8,7,14,7,0.4360493943416926,137.1600389452789,5.052401421429295,6.0,80.0,51.0,19.0,53.0,0,7.73
1,/,10,31,104,19,0.2959617205497705,111.84016051019226,5.723356523000371,5.0,67.0,37.0,15.0,72.0,0,0.8
3,/page3,8,16,22,13,0.9244378234741996,6.070816278426971,2.885980164076567,0.0,21.0,17.0,1.0,17.0,1,99.78
1,/page4,9,14,32,12,0.8214566450202132,55.72759257384445,3.565312212278709,0.0,19.0,8.0,1.0,10.0,1,99.88
4,/details,3,3,5,2,0.9938080093331928,444.12930694410505,1.74378242348884,0.0,0.0,0.0,0.0,0.0,0,0.25
5,/cabinet/faq.html,2,2,5,2,1.0,7.285340383865082,2.198629512824054,0.0,0.0,0.0,0.0,0.0,0,1.12
5,/voyages,1,1,1,1,0.918891410253744,111.90635432249928,1.0772385308571053,0.0,0.0,0.0,0.0,0.0,0,1.56
5,/cabinet/blog.html,1,8,12,3,0.4626666678144529,20.964805695404745,0.8502122457917629,0.0,0.0,0.0,0.0,0.0,0,5.69
1,/page2,8,12,28,12,0.8247217942849817,19.92454672697962,4.892178329419191,1.0,25.0,32.0,1.0,22.0,1,99.97
4,/,8,9,12,2,0.3271097334271106,192.5705149269513,1.226685958122584,0.0,0.0,0.0,0.0,0.0,0,0.47
1,/page4,8,7,22,7,0.5878702964263192,55.12940144932344,3.64676438042211,0.0,24.0,11.0,1.0,12.0,0,3.85
3,/page5,7,12,12,12,0.5172080611302846,192.14390078692463,4.6893476194872505,0.0,20.0,27.0,2.0,30.0,0,5.15
5,/cabinet/about.html,2,2,8,2,0.8208246433011257,7.116358130605981,2.7052181904774684,0.0,0.0,0.0,0.0,0.0,0,5.34
5,/cabinet/faq.html,2,2,5,2,0.9317111936583324,9.51152705016464,2.248098899139697,0.0,0.0,0.0,0.0,0.0,0,2.23
5,/cabinet,9,6,8,4,0.6135568851816904,50.55917350881868,2.235635925475058,0.0,0.0,0.0,0.0,0.0,0,0.38
1,/page4,6,16,30,14,0.8774421061136745,65.52015077845273,4.219050324002024,0.0,18.0,10.0,1.0,9.0,1,99.92
3,/page5,8,19,37,11,0.8316675035882637,178.93639675859603,5.064828150062959,0.0,29.0,34.0,2.0,29.0,1,99.81
5,/cabinet/appointments.html,3,3,9,2,0.7781253139206625,6.128760056776691,2.790429781059962,0.0,0.0,0.0,0.0,0.0,0,9.62
5,/cabinet/doctors.html,3,4,10,2,0.6981870389714522,4.858615015175955,2.387356616104899,0.0,0.0,0.0,0.0,0.0,0,1.24
5,/cabinet/about.html,3,2,4,2,0.9489907016731912,11.429399654621388,3.308261531199052,0.0,0.0,0.0,0.0,0.0,0,1.03
3,/page5,7,15,32,15,0.8377666094887803,262.90472157980247,4.417926359847158,0.0,22.0,30.0,2.0,18.0,1,99.4
3,/,14,56,115,20,0.4648882699011725,139.94450930089144,4.779361417747258,3.0,82.0,47.0,24.0,78.0,0,3.57
4,/details,2,2,4,2,0.9162119127755206,500.4804751481761,1.6040102935044098,0.0,0.0,0.0,0.0,0.0,0,9.62
3,/page3,7,10,25,10,0.516239939146527,7.226517282992047,2.7759144752763723,0.0,20.0,13.0,1.0,15.0,1,96.71
5,/,3,3,8,2,1.0,462.96254658883765,2.286117623137415,0.0,0.0,0.0,0.0,0.0,0,5.94
5,/cabinet/about.html,2,2,6,2,1.0,10.045,3.0,0.0,0.0,0.0,0.0,0.0,0,1.46
1,/page4,7,13,28,12,0.8,75.04799999999999,3.7,0.0,19.0,11.0,1.0,11.0,1,99.79
4,/details,3,10,19,4,0.5984773197877796,484.1233092665861,1.6844733032110242,0.0,0.0,0.0,0.0,0.0,0,7.43
3,/,20,40,150,29,0.4967669150225858,120.6342275557526,4.488375486117502,3.0,103.0,54.0,24.0,90.0,0,3.52
4,/page,4,6,4,2,0.7615757439935995,13.560596140774752,1.675009255649773,0.0,0.0,0.0,0.0,0.0,0,17.7
5,/cabinet/blog.html,2,9,7,1,0.3583288882900433,36.08484576707826,0.834077165093667,0.0,0.0,0.0,0.0,0.0,0,6.9
5,/cabinet/appointments.html,3,3,8,2,0.5352228280170905,4.920329235159986,2.5413784540359496,0.0,0.0,0.0,0.0,0.0,0,0.53
4,/details,3,3,5,3,0.9945151706087711,543.2576383336924,1.5167838778058251,0.0,0.0,0.0,0.0,0.0,0,0.8
3,/page5,9,16,36,12,0.925595928296016,241.5801900311752,4.280591200442771,0.0,25.0,35.0,2.0,19.0,1,99.93
1,/page5,6,16,29,11,0.763016562301151,31.237146002030517,5.619182611441461,0.0,26.0,19.0,1.0,14.0,1,99.99
1,/page4,9,16,30,12,0.8193056767719336,61.59844264071477,3.695502412519495,0.0,19.0,11.0,1.0,14.0,1,99.88
3,/page2,8,22,48,20,0.9902784076922216,40.27302396321286,3.7321705578591176,0.0,35.0,40.0,4.0,27.0,1,99.67
5,/,3,4,8,4,0.6550373654276596,264.27561273894634,2.6392132977359237,0.0,0.0,0.0,0.0,0.0,0,0.8
3,/page3,10,16,17,13,0.8998933516617225,4.331770531134382,2.6451570688214106,0.0,23.0,16.0,1.0,11.0,0,17.13
5,/,3,3,8,3,0.920217718834843,331.2071389229555,2.632098133186489,0.0,0.0,0.0,0.0,0.0,0,1.31
3,/page5,8,17,35,15,0.8814285714285715,210.4628571428572,4.571428571428571,0.0,29.0,27.0,2.0,23.0,1,99.95
3,/,21,54,98,19,0.4496818499837704,152.65432312422362,5.35968935706552,4.0,67.0,66.0,23.0,81.0,0,2.61
6,/travel_agency,2,2,2,0,0.0,0.0,1.0,0.0,0.0,0.0,0.0,0.0,0,1.93
3,/page4,9,18,36,16,0.689212001415868,72.00249176415007,3.6218376394178,0.0,22.0,8.0,0.0,17.0,1,99.5
1,/page5,6,14,21,14,0.8541586934148842,40.12209983687715,5.528729756302209,0.0,23.0,16.0,1.0,19.0,1,99.14
5,/cabinet/about.html,2,2,8,2,0.9674439819820452,7.117096395241198,2.815063184558165,0.0,0.0,0.0,0.0,0.0,0,13.66
5,/cabinet/doctors.html,5,4,10,2,0.6392057742390443,5.3156584951722285,2.3303025530381483,0.0,0.0,0.0,0.0,0.0,0,1.84
6,/travel_agency,1,6,21,0,0.4342344271560335,0.0,1.045592640789587,0.0,0.0,0.0,0.0,0.0,0,8.88
5,/cabinet/contact.html,2,2,7,2,1.0,10.15243048078302,3.362526223523184,0.0,0.0,0.0,0.0,0.0,0,1.8
3,/page3,7,6,19,6,0.6135333834972848,6.270358599254947,2.9214417514610957,0.0,22.0,21.0,1.0,11.0,0,1.57
4,/,8,7,12,2,0.3617513391238396,194.19705817739143,1.2165571174870262,0.0,0.0,0.0,0.0,0.0,0,1.15
4,/page,3,8,18,3,0.4909658640155773,9.048758265723778,1.6237474592418613,0.0,0.0,0.0,0.0,0.0,0,0.47
5,/cabinet/doctors.html,4,3,7,1,0.636925604001907,5.199318244262874,2.254948164011779,0.0,0.0,0.0,0.0,0.0,0,1.92
5,/,2,4,5,3,0.9730187840463612,399.1421380950259,2.6850196293681963,0.0,0.0,0.0,0.0,0.0,0,1.99
1,/page5,6,14,21,8,0.7292324685465439,32.781923872506034,4.8444349240243545,0.0,29.0,19.0,1.0,16.0,1,99.86
5,/cabinet,6,10,11,2,0.5992418952572065,48.47051541809704,2.288035293015952,0.0,0.0,0.0,0.0,0.0,0,3.96
4,/,6,12,11,3,0.3006448693156359,154.64530647728853,1.1290599479882308,0.0,0.0,0.0,0.0,0.0,0,0.71
3,/,12,55,111,25,0.4404276918195176,125.90760128084192,4.461549011223863,3.0,80.0,67.0,19.0,81.0,0,1.43
1,/page2,5,13,18,13,0.6684764323683519,18.54962334249989,4.295960170320358,1.0,29.0,20.0,1.0,17.0,0,2.83
4,/page,4,5,5,2,0.7789946202827238,12.583538942784092,1.6599201196706173,0.0,0.0,0.0,0.0,0.0,0,2.33
5,/cabinet/doctors.html,4,9,17,2,0.605315627377622,5.038211446180755,2.0003343684055483,0.0,0.0,0.0,0.0,0.0,0,0.73
5,/cabinet/about.html,3,2,7,2,1.0,8.661479159836286,3.000266695702469,0.0,0.0,0.0,0.0,0.0,0,3.26
5,/cabinet/doctors.html,3,6,16,1,0.6347965033166738,3.75600989573465,2.084713375468361,0.0,0.0,0.0,0.0,0.0,0,5.07
3,/page2,10,21,56,15,0.8140582730360533,35.309930407172075,3.886068011405793,0.0,43.0,34.0,3.0,35.0,1,97.82
1,/page5,5,7,17,7,0.4332994296373945,40.952947823138366,5.267005142796823,0.0,22.0,15.0,1.0,16.0,0,4.58
5,/cabinet/contact.html,2,2,6,2,1.0,7.325202737857272,2.758196686482112,0.0,0.0,0.0,0.0,0.0,0,5.88
6,/travel_agency,2,2,2,0,0.0,0.0,0.9253891508572948,0.0,0.0,0.0,0.0,0.0,0,1.82
4,/,9,7,9,4,0.3415484443433835,192.27669088388703,1.088405048806244,0.0,0.0,0.0,0.0,0.0,0,3.51
5,/cabinet/about.html,2,7,26,2,0.5413331064993261,9.676802977223002,3.414875382578375,0.0,0.0,0.0,0.0,0.0,0,0.38
1,/page4,8,11,29,11,0.5634543277253546,77.09374256114965,3.3876026229407445,0.0,22.0,11.0,1.0,13.0,1,99.84
1,/page2,7,11,33,11,0.7207411236807365,20.7580947385247,4.298031345610264,1.0,33.0,23.0,1.0,23.0,1,99.9
4,/,9,8,25,2,0.4494192688243185,145.8577417358997,1.2550971557924362,0.0,0.0,0.0,0.0,0.0,0,1.11
5,/cabinet/appointments.html,3,2,8,2,0.4896806416555406,4.844583243907974,2.9215384642825724,0.0,0.0,0.0,0.0,0.0,0,0.77
5,/cabinet/contact.html,2,5,13,2,0.6373548002166803,9.942164477015686,2.971671272953995,0.0,0.0,0.0,0.0,0.0,0,0.75
3,/page2,12,11,20,11,0.5081423515424661,31.362781897587578,4.323964053007947,0.0,47.0,25.0,4.0,24.0,1,98.88
1,/page2,6,17,43,14,0.7954521901680254,21.842125097238583,4.24503338653372,1.0,31.0,32.0,1.0,23.0,1,99.96
4,/,8,9,14,3,0.337597888524601,192.0919995527678,1.1368445456607164,0.0,0.0,0.0,0.0,0.0,0,0.84
5,/cabinet,10,9,10,3,0.4062201963317658,60.35211899198947,2.079364721762269,0.0,0.0,0.0,0.0,0.0,0,0.32
4,/details,3,3,4,2,0.9161416908387972,573.9180639607956,1.8264932894762012,0.0,0.0,0.0,0.0,0.0,0,1.62
1,/page5,5,11,33,11,0.8149577220761497,41.96640570983615,5.229083147266307,0.0,20.0,25.0,1.0,21.0,1,99.88
3,/page2,12,11,23,11,0.6064136671222387,45.10650218842022,4.4840984366718,0.0,38.0,37.0,4.0,40.0,1,97.68
5,/cabinet/appointments.html,3,2,8,2,0.740568641061002,7.008581888403187,2.8651465409762222,0.0,0.0,0.0,0.0,0.0,0,4.33
5,/,3,3,5,3,0.994059244538315,268.38937020434594,2.681138169580476,0.0,0.0,0.0,0.0,0.0,0,0.35
3,/,14,62,130,23,0.4635965530148089,119.84724618885664,5.273103324028348,3.0,99.0,56.0,24.0,88.0,0,1.7
4,/details,2,14,10,3,0.5964312140806265,458.0178358386683,1.769066371775544,0.0,0.0,0.0,0.0,0.0,0,14.02
1,/page2,6,12,35,12,0.8392103276992353,16.902821715386203,4.359279461413868,1.0,28.0,27.0,1.0,21.0,1,99.88
5,/cabinet/doctors.html,4,4,11,2,0.458790267124778,5.946034246792328,1.9529386339777133,0.0,0.0,0.0,0.0,0.0,0,0.12
1,/page3,6,11,19,10,0.8154376759976675,123.13534415170948,3.538867021157301,0.0,13.0,10.0,0.0,12.0,0,2.31
1,/page3,5,10,23,10,0.8258942703759007,124.00520554307847,3.78931919645934,0.0,9.0,12.0,0.0,8.0,1,96.75
5,/cabinet/faq.html,3,14,11,2,0.6797487623541218,8.53353389387916,2.158045958915757,0.0,0.0,0.0,0.0,0.0,0,0.99
4,/page,5,8,6,3,0.6819650483224218,7.611808463350505,1.6955322505786228,0.0,0.0,0.0,0.0,0.0,0,0.56
5,/cabinet/faq.html,2,8,17,2,0.6807716755959448,8.616459565485599,2.0957643986776864,0.0,0.0,0.0,0.0,0.0,0,0.94
5,/,3,4,6,3,0.8380925993386042,286.66400953399705,2.512196068335948,0.0,0.0,0.0,0.0,0.0,0,1.39
1,/page3,5,11,24,9,0.8263858759179549,141.09580668038942,3.961280592044521,0.0,11.0,9.0,0.0,13.0,1,97.02
1,/page3,5,8,23,8,0.868107972940914,115.40397343048602,3.938703693389889,0.0,11.0,15.0,0.0,9.0,0,1.58
4,/details,3,4,5,2,0.8753275927905482,328.6180820327807,1.6994590502372218,0.0,0.0,0.0,0.0,0.0,0,3.66
5,/cabinet/about.html,2,1,6,1,1.0,8.101726459860759,2.927799816816409,0.0,0.0,0.0,0.0,0.0,0,1.86
1,/,12,25,89,12,0.3217890106082646,133.10403846725484,4.98561080329154,5.0,75.0,45.0,15.0,62.0,0,3.68
5,/cabinet/about.html,2,11,29,2,0.6146906651673287,8.954564858177017,3.2753844963027463,0.0,0.0,0.0,0.0,0.0,1,99.5
5,/cabinet/faq.html,3,3,3,2,0.9296565075791832,10.102204823814462,2.162879437726638,0.0,0.0,0.0,0.0,0.0,0,1.04
3,/page4,12,13,22,12,0.5829045724827332,69.04473928551091,3.136455030945059,0.0,32.0,15.0,0.0,22.0,1,99.96
3,/page2,7,6,12,6,0.4694141909130544,30.355754210252048,4.066603231778142,0.0,32.0,38.0,3.0,29.0,0,2.89
1,/,12,8,27,8,0.5886828540339651,94.68348027207472,5.577277882758112,4.0,62.0,59.0,15.0,67.0,0,4.14
3,/page4,11,19,32,13,0.7064685903542482,86.32190352679653,3.194326194499033,0.0,24.0,15.0,0.0,21.0,1,99.44
1,/page5,6,14,31,11,0.8606808183754217,37.48677394304067,5.183704064214235,0.0,23.0,17.0,1.0,13.0,1,99.93
6,/travel_agency,2,11,27,0,0.6971204603746599,0.0,1.008294262243972,0.0,0.0,0.0,0.0,0.0,0,27.79
5,/cabinet/doctors.html,3,5,10,2,0.6526129263027269,4.140205185279143,2.478627725534816,0.0,0.0,0.0,0.0,0.0,0,3.22
5,/cabinet/appointments.html,3,14,17,2,0.4112442104375503,6.592390770572961,3.0256931671985674,0.0,0.0,0.0,0.0,0.0,0,1.15
3,/page2,12,16,33,16,0.9474864590357742,29.43130120933817,4.334766167990004,0.0,30.0,26.0,4.0,27.0,1,99.96
4,/,9,9,10,3,0.3273961892477816,142.44253824315066,1.1201621674332851,0.0,0.0,0.0,0.0,0.0,0,0.14
5,/cabinet/about.html,2,8,20,2,0.6379030922876798,8.164823665032612,3.3447491607498563,0.0,0.0,0.0,0.0,0.0,0,0.76
3,/page3,10,11,21,11,1.0,4.973646166289317,2.906586516622802,0.0,22.0,17.0,1.0,18.0,1,99.73
3,/page3,6,10,25,10,0.8967001642145125,6.104229915833511,2.394933936969957,0.0,18.0,16.0,1.0,17.0,1,99.48
6,/travel_agency,3,2,2,0,0.0,0.0,0.981137976508125,0.0,0.0,0.0,0.0,0.0,0,1.75
1,/page4,8,12,19,12,0.4815849178385893,86.36711847378469,3.937683519547104,0.0,14.0,8.0,1.0,9.0,0,1.94
1,/page3,7,9,17,9,0.6640237262684374,112.74442289854323,3.471086569304201,0.0,13.0,12.0,0.0,11.0,0,1.4
5,/cabinet/blog.html,2,8,7,2,0.3283620796170897,34.245226142698584,0.8760565594126598,0.0,0.0,0.0,0.0,0.0,1,73.66
1,/,8,34,99,11,0.2704623015607848,140.221161905385,4.782626077349874,6.0,79.0,37.0,15.0,72.0,0,17.62
3,/page4,8,16,25,16,1.0,74.74680024018762,3.587138924445946,0.0,24.0,14.0,0.0,16.0,1,99.89
5,/voyages,1,11,19,1,0.339757004939618,127.21457500123624,1.032474793951252,0.0,0.0,0.0,0.0,0.0,0,3.65
1,/page3,6,13,17,10,0.721493059172335,101.63367714774988,3.785654000723879,0.0,9.0,11.0,0.0,8.0,0,0.96
4,/details,3,2,5,2,1.0,506.2856077441741,1.6398371851003757,0.0,0.0,0.0,0.0,0.0,0,1.55
3,/page5,10,19,40,11,0.5085508446637668,227.26854272222732,5.141741694456552,0.0,23.0,21.0,2.0,18.0,1,99.36
5,/cabinet,8,7,9,4,0.605272341154633,58.99670011774291,2.1272830956117987,0.0,0.0,0.0,0.0,0.0,0,0.62
3,/page3,6,14,11,12,0.6792472224970342,6.262384798388081,2.68777280556585,0.0,23.0,22.0,1.0,17.0,0,0.86
5,/cabinet/doctors.html,4,4,9,2,0.665,4.83,2.165,0.0,0.0,0.0,0.0,0.0,0,0.93
5,/cabinet/contact.html,2,6,14,3,0.4934216935134634,8.930805918525708,3.342200740143061,0.0,0.0,0.0,0.0,0.0,0,0.16
5,/cabinet/contact.html,2,6,19,2,0.4222396589595157,8.657652566731691,2.867922924979264,0.0,0.0,0.0,0.0,0.0,0,1.99
5,/cabinet/contact.html,2,2,6,2,1.0,7.221781096542503,2.951142713249236,0.0,0.0,0.0,0.0,0.0,0,2.14
3,/page5,6,17,30,17,0.8067931491511969,231.17657363150727,4.385782873791737,0.0,25.0,31.0,2.0,29.0,1,99.95
4,/page,4,12,24,3,0.4756758501565511,10.998868168891605,1.457954813750567,0.0,0.0,0.0,0.0,0.0,0,4.49
5,/cabinet,7,8,11,3,0.4523950196366104,39.24952912780794,1.9598260311276503,0.0,0.0,0.0,0.0,0.0,0,0.36
1,/,11,25,66,16,0.2759495300850159,158.20191028392463,5.930068868865557,6.0,65.0,35.0,21.0,54.0,0,2.86
1,/page4,8,14,25,9,0.7855406231832371,66.54735034171053,3.956336591754884,0.0,17.0,9.0,1.0,11.0,1,99.52
3,/,14,58,156,19,0.5246239621548787,157.95772540166266,5.615351625897873,3.0,114.0,48.0,21.0,55.0,1,98.61
5,/cabinet/contact.html,2,2,7,2,1.0,9.31891950062044,3.304921974097802,0.0,0.0,0.0,0.0,0.0,0,1.31
5,/cabinet/about.html,2,2,5,2,0.9128810232030088,7.3632122714964,2.84051281324682,0.0,0.0,0.0,0.0,0.0,1,90.96
5,/cabinet/blog.html,2,8,8,2,0.303698929471194,25.854708845940284,0.920673036841688,0.0,0.0,0.0,0.0,0.0,0,6.55
5,/cabinet/doctors.html,5,4,9,2,0.6729478795595957,4.41935170037975,1.99496213276214,0.0,0.0,0.0,0.0,0.0,0,2.25
1,/page4,5,14,29,10,0.6395032564672984,95.15957111206326,3.848168588996794,0.0,20.0,11.0,1.0,10.0,1,99.9
3,/page2,9,7,12,7,0.5999851254638117,48.5765895990856,3.99706497119983,0.0,38.0,35.0,4.0,28.0,0,1.03
5,/,2,2,9,2,1.0,452.3239786341304,2.262751006680129,0.0,0.0,0.0,0.0,0.0,1,93.43
5,/cabinet/blog.html,2,8,8,2,0.3333333333333333,29.69333333333333,0.8333333333333334,0.0,0.0,0.0,0.0,0.0,0,7.39
1,/page3,6,8,24,8,0.8521708208404046,140.13063978437745,3.770151610525104,0.0,11.0,10.0,0.0,8.0,0,2.46
3,/page3,10,6,27,6,0.3278904366216184,5.199832038053893,2.4268059453086823,0.0,21.0,15.0,1.0,19.0,0,1.1
3,/,18,48,140,20,0.4982785325809821,127.57557317314118,5.467519726600078,4.0,122.0,77.0,25.0,61.0,0,3.09
5,/cabinet/contact.html,2,2,5,2,1.0,9.370052022566746,2.713408863026113,0.0,0.0,0.0,0.0,0.0,0,1.87
6,/travel_agency,2,2,2,0,0.0,0.0,0.9722073574799022,0.0,0.0,0.0,0.0,0.0,0,1.93
1,/page5,5,16,23,10,0.7407361041912708,37.49752073611301,5.679977881704011,0.0,22.0,22.0,1.0,13.0,1,99.72
1,/page3,7,14,22,13,0.8522942213939004,131.85692178681614,3.6550370821227793,0.0,10.0,13.0,0.0,12.0,1,99.77
5,/,3,3,6,3,0.9684531185579492,280.7075542190316,2.8705024863662585,0.0,0.0,0.0,0.0,0.0,0,2.07
1,/page4,9,10,33,9,0.847073706007905,64.95108267727669,4.141308787441825,0.0,15.0,11.0,1.0,11.0,1,98.94
3,/page2,8,14,35,13,0.8361538949417809,41.36272624709425,3.914523289680782,0.0,52.0,36.0,5.0,24.0,1,98.01
5,/cabinet/blog.html,2,6,8,2,0.312974616954971,27.746355284541718,0.9472008006205715,0.0,0.0,0.0,0.0,0.0,0,5.74
5,/cabinet/blog.html,2,10,9,2,0.3376056614459083,30.28180581680809,0.7787289211938196,0.0,0.0,0.0,0.0,0.0,0,1.76
5,/cabinet/appointments.html,3,3,8,2,0.7889342750870862,7.561571980048833,3.1438389157383604,0.0,0.0,0.0,0.0,0.0,0,0.76
5,/cabinet/contact.html,2,2,8,2,1.0,6.812907480653909,3.2431019841244746,0.0,0.0,0.0,0.0,0.0,0,2.33
5,/cabinet/about.html,2,2,6,2,1.0,9.162593836684758,3.2978663293618737,0.0,0.0,0.0,0.0,0.0,0,0.82
4,/page,4,8,6,3,0.5753054325883683,13.035044878990377,1.698593660474088,0.0,0.0,0.0,0.0,0.0,0,0.45
6,/travel_agency,3,2,3,0,0.0,0.0,0.9457219127241382,0.0,0.0,0.0,0.0,0.0,0,1.52
1,/,13,7,20,7,0.6824394426329575,158.45965972461934,5.917467626631429,6.0,76.0,58.0,19.0,58.0,0,8.24
5,/cabinet/faq.html,2,1,4,1,1.0,11.691327621414649,2.0540786532800737,0.0,0.0,0.0,0.0,0.0,0,1.04
1,/page4,8,9,12,9,0.5582198866368029,74.38873258090992,3.443251355982021,0.0,17.0,14.0,1.0,12.0,0,2.04
6,/travel_agency,2,2,3,0,0.0,0.0,1.0404494631655343,0.0,0.0,0.0,0.0,0.0,0,6.51
1,/page4,7,12,22,11,0.6644452651593767,55.73098992473504,3.404166513025761,0.0,24.0,12.0,1.0,10.0,1,99.82
5,/cabinet/appointments.html,3,3,9,2,0.75,6.24,2.75,0.0,0.0,0.0,0.0,0.0,0,2.74
4,/page,3,12,23,4,0.4487546934271346,10.92455300630959,1.4029222943622457,0.0,0.0,0.0,0.0,0.0,0,2.47
1,/,8,36,92,18,0.2843829264608061,154.82818623388047,5.194688561026643,4.0,87.0,37.0,17.0,71.0,0,4.91
6,/travel_agency,2,10,13,0,0.666031752562728,0.0,1.0037076679722383,0.0,0.0,0.0,0.0,0.0,0,0.95
5,/cabinet/doctors.html,3,3,12,2,0.7199535523441143,5.836232454168523,2.208045911660397,0.0,0.0,0.0,0.0,0.0,0,2.45
4,/page,4,5,8,3,0.8150927007874078,8.834958744675834,1.4050853114673498,0.0,0.0,0.0,0.0,0.0,0,4.89
5,/voyages,1,14,11,1,0.4256992582140919,126.63960618868876,1.1459614807118863,0.0,0.0,0.0,0.0,0.0,0,1.24
4,/details,2,6,14,3,0.4141183593630842,435.8930825044908,1.7554876503096322,0.0,0.0,0.0,0.0,0.0,0,1.3
3,/page2,9,19,33,13,0.9225363713092004,37.00358459404904,4.597933567766567,0.0,31.0,36.0,4.0,31.0,1,99.93
5,/cabinet,10,7,10,3,0.5666210057452272,70.77230707688793,1.9177036244207637,0.0,0.0,0.0,0.0,0.0,0,0.55
3,/,15,59,141,23,0.5262202367444808,187.10614744896765,4.821385384522552,3.0,94.0,82.0,26.0,56.0,1,98.64
1,/,8,30,66,18,0.2920354938688161,117.2604321438982,5.894558591800855,5.0,63.0,51.0,18.0,71.0,0,9.17
5,/cabinet/blog.html,3,9,8,2,0.3237452356218947,37.65864507024983,0.8756060023801429,0.0,0.0,0.0,0.0,0.0,0,1.4
4,/,6,12,13,3,0.3264239665917543,185.1675175905557,1.082837933208674,0.0,0.0,0.0,0.0,0.0,0,3.41
5,/voyages,1,1,1,1,0.9014806917289784,144.37006244619914,1.029237694083902,0.0,0.0,0.0,0.0,0.0,1,90.37
3,/page4,11,16,37,14,0.9184899034074132,69.63265327839227,3.3525094887397557,0.0,23.0,15.0,0.0,15.0,1,99.86
3,/,17,38,108,20,0.374604356709002,121.20017160776447,4.901338000379365,3.0,77.0,65.0,22.0,53.0,0,1.94
1,/,11,30,70,14,0.2811469396932218,105.9113704300799,5.9549171817667,5.0,86.0,53.0,20.0,56.0,0,3.08
6,/travel_agency,1,2,2,0,0.0,0.0,1.068162184858093,0.0,0.0,0.0,0.0,0.0,0,7.12
3,/page4,10,13,36,13,1.0,61.3024188146136,3.255698787971262,0.0,19.0,13.0,0.0,22.0,1,99.95
4,/details,4,4,5,3,1.0,344.88735056130486,1.7503988312489571,0.0,0.0,0.0,0.0,0.0,0,0.19
6,/travel_agency,2,5,14,0,0.6869801703301923,0.0,1.1430391273836873,0.0,0.0,0.0,0.0,0.0,0,11.57
5,/cabinet/doctors.html,3,5,14,2,0.4192705744172262,5.38868080562934,2.056758801410129,0.0,0.0,0.0,0.0,0.0,0,0.66
5,/cabinet/appointments.html,3,11,20,2,0.4247026489290165,6.096868251787669,3.1008631130872004,0.0,0.0,0.0,0.0,0.0,0,0.59
1,/page5,7,9,10,9,0.6217079673363876,43.60011968161475,4.656937768453317,0.0,26.0,24.0,1.0,15.0,0,0.95
5,/cabinet/doctors.html,4,3,11,2,0.4673938278382838,4.949014654387471,2.468499355304339,0.0,0.0,0.0,0.0,0.0,0,1.22
5,/cabinet/doctors.html,4,4,9,2,0.6392486779125266,4.743118567341675,1.9591259668885677,0.0,0.0,0.0,0.0,0.0,0,1.04
4,/page,4,7,5,3,0.7254675527726266,8.885226455504407,1.467443269013863,0.0,0.0,0.0,0.0,0.0,0,4.44
6,/travel_agency,2,2,2,0,0.0,0.0,0.98788201039922,0.0,0.0,0.0,0.0,0.0,0,1.93
5,/voyages,1,1,1,1,0.9402156375587744,150.95188516972925,0.965991684183898,0.0,0.0,0.0,0.0,0.0,0,1.25
5,/,3,3,7,3,1.0,450.7390130981066,2.5092797541003407,0.0,0.0,0.0,0.0,0.0,0,4.22
6,/travel_agency,3,9,27,0,0.4748056932720106,0.0,1.1237581879012923,0.0,0.0,0.0,0.0,0.0,0,0.82
1,/page4,7,7,12,7,0.6261885710790351,57.519215452772,3.720857296188549,0.0,22.0,14.0,1.0,13.0,1,92.99
6,/travel_agency,2,2,2,0,0.0,0.0,1.0079038793430872,0.0,0.0,0.0,0.0,0.0,0,1.93
1,/page4,6,10,11,10,0.5454088861390141,76.10126467009407,3.4361612064790266,0.0,22.0,8.0,1.0,11.0,0,11.02
5,/cabinet/faq.html,3,2,4,2,1.0,6.644601216734623,1.8175803566443196,0.0,0.0,0.0,0.0,0.0,0,0.79
5,/cabinet/appointments.html,3,10,23,2,0.5325633369630568,7.509400085289114,3.1153527584342755,0.0,0.0,0.0,0.0,0.0,1,97.04
5,/cabinet/blog.html,2,12,27,2,0.5859898874388502,34.857623534410834,0.8867166444267415,0.0,0.0,0.0,0.0,0.0,1,99.32
1,/page3,6,12,17,10,0.814061499377662,152.10762904736657,3.370961809315992,0.0,11.0,13.0,0.0,10.0,0,4.06
3,/,13,11,22,11,0.3666916483835777,169.05665607692856,4.959477416567778,3.0,75.0,72.0,20.0,83.0,0,3.08
5,/cabinet/doctors.html,3,12,21,2,0.4539533340506624,5.026596686891309,2.477322225394899,0.0,0.0,0.0,0.0,0.0,0,1.32
1,/page3,4,13,23,10,0.442748662870454,104.868456034986,3.758109150360725,0.0,14.0,9.0,0.0,8.0,0,2.65
3,/page5,7,16,36,16,0.6731616335821222,213.52568781300133,4.880831229077258,0.0,25.0,34.0,2.0,24.0,1,99.95
3,/page5,10,5,17,5,0.6899772310669949,254.59311752649563,4.732804303738626,0.0,29.0,20.0,2.0,22.0,0,4.6
5,/cabinet/blog.html,2,9,9,2,0.3271994322313057,22.6873041174218,0.9201292716858616,0.0,0.0,0.0,0.0,0.0,0,2.79
5,/cabinet,8,7,7,4,0.5830184116200413,65.2835897458971,1.872051981516483,0.0,0.0,0.0,0.0,0.0,0,0.51
5,/cabinet/blog.html,2,7,10,1,0.3586480355373477,24.343696630018098,0.9473509006437016,0.0,0.0,0.0,0.0,0.0,1,84.51
1,/page3,7,8,27,8,0.7808119214299529,98.0723532418556,3.5692853257631496,0.0,10.0,13.0,0.0,11.0,0,1.75
1,/,7,30,118,15,0.3026345196499805,139.82921369462056,5.279772692777285,5.0,74.0,61.0,15.0,49.0,0,9.19
1,/page4,9,10,27,10,0.8369313543969169,96.7202304285824,3.567290307760929,0.0,16.0,11.0,1.0,14.0,1,98.92
3,/page5,7,13,17,13,0.6159990407882339,250.24227129771165,4.412200180274964,0.0,20.0,35.0,2.0,27.0,0,2.86
5,/voyages,1,9,22,1,0.4147090676117968,142.35053891802696,1.0810021980403883,0.0,0.0,0.0,0.0,0.0,0,4.58
1,/page5,4,8,24,8,0.5247831713745565,28.341088690400824,4.880248399545351,0.0,18.0,14.0,1.0,22.0,0,3.28
5,/cabinet/doctors.html,3,9,22,2,0.4023420083466671,5.930965945725983,2.224923566558998,0.0,0.0,0.0,0.0,0.0,0,0.32
5,/cabinet/blog.html,2,9,10,2,0.3583318039082744,37.24870351245604,0.8896698988872825,0.0,0.0,0.0,0.0,0.0,0,3.56
3,/page4,9,15,33,15,1.0,71.43714285714285,3.357142857142857,0.0,27.0,12.0,0.0,18.0,1,99.96
5,/cabinet/contact.html,2,13,15,2,0.4176388049633911,6.486954897837338,3.1340385079426785,0.0,0.0,0.0,0.0,0.0,0,0.84
1,/,12,9,25,9,0.6239474215354073,160.69494403167084,5.057593344290944,5.0,69.0,47.0,22.0,45.0,0,12.09
4,/,6,9,11,3,0.3185828715953149,213.81350769627164,1.1179556080016193,0.0,0.0,0.0,0.0,0.0,0,0.61
3,/,17,36,111,22,0.463193974847712,151.92886876478616,4.665159275847738,3.0,79.0,82.0,27.0,79.0,0,2.21
3,/page3,7,10,18,10,0.9615442209627012,6.324636348565827,2.6924700945726854,0.0,14.0,16.0,1.0,18.0,0,1.8
5,/cabinet/faq.html,2,2,4,2,0.9186427851785396,6.555297754230461,1.8558015997259456,0.0,0.0,0.0,0.0,0.0,0,1.34
5,/,3,2,5,2,0.9352388812328496,397.9573434626531,2.460576195672966,0.0,0.0,0.0,0.0,0.0,0,20.96
5,/cabinet/about.html,2,2,5,2,1.0,10.318967503130548,3.412551866455054,0.0,0.0,0.0,0.0,0.0,0,0.48
5,/cabinet/appointments.html,3,4,11,3,0.7800321988268002,6.248617630925562,2.589339293893744,0.0,0.0,0.0,0.0,0.0,0,1.95
5,/cabinet/appointments.html,3,4,10,2,0.7812035675996869,5.319791552025681,3.067682809015159,0.0,0.0,0.0,0.0,0.0,0,4.64
3,/,18,62,143,27,0.5012633644283553,182.30123856086536,4.910742481008658,3.0,66.0,78.0,26.0,56.0,1,99.26
5,/cabinet,8,9,17,3,0.4192253762812198,56.60193687452723,2.2743524591195903,0.0,0.0,0.0,0.0,0.0,0,4.52
3,/page2,7,20,55,16,0.8529824709258038,39.49774482924529,3.713512045174652,0.0,48.0,34.0,4.0,37.0,1,99.37
3,/page5,6,18,27,18,0.8097918557676713,267.92719626873065,4.812487299981117,0.0,36.0,27.0,2.0,27.0,1,99.97
1,/page4,8,10,28,9,0.7300245125528568,93.3493907991548,3.458801968283776,0.0,18.0,10.0,1.0,8.0,1,99.75
5,/cabinet/contact.html,2,2,6,2,0.923926087903214,8.008712421739288,2.7545717821797204,0.0,0.0,0.0,0.0,0.0,0,9.03
5,/cabinet/about.html,2,9,21,2,0.4123750970415192,8.147745672677747,3.2109848890109127,0.0,0.0,0.0,0.0,0.0,0,0.39
5,/cabinet/faq.html,3,2,3,2,1.0,11.103695155608245,1.805482958028224,0.0,0.0,0.0,0.0,0.0,0,0.76
5,/,3,3,8,2,1.0,384.9795098695202,2.3733212316100376,0.0,0.0,0.0,0.0,0.0,0,4.57
5,/cabinet/contact.html,2,2,5,2,1.0,7.103280329628905,2.760890840287823,0.0,0.0,0.0,0.0,0.0,0,4.07
4,/details,3,2,6,2,0.9211401207758602,494.53232556053007,1.7163179331560583,0.0,0.0,0.0,0.0,0.0,0,6.81
1,/page4,8,10,26,10,0.7814132723092871,78.28432212663472,3.8736866587975336,0.0,17.0,10.0,1.0,8.0,1,98.33
1,/page4,8,13,27,9,0.7725108405774899,72.07697123557018,3.4119553974536463,0.0,20.0,13.0,1.0,14.0,1,99.86
5,/cabinet/appointments.html,3,3,7,2,0.7507998050003821,6.793022776014621,2.82056486592068,0.0,0.0,0.0,0.0,0.0,0,1.24
5,/voyages,1,1,1,1,0.9623956803295798,144.4170325655748,0.9305682131803372,0.0,0.0,0.0,0.0,0.0,0,1.95
5,/cabinet/appointments.html,3,3,10,2,0.7822216038196916,7.102034158515844,2.827326359082168,0.0,0.0,0.0,0.0,0.0,0,4.52
5,/cabinet/about.html,2,10,23,2,0.3701899176444742,9.696362843791734,2.7426304280342912,0.0,0.0,0.0,0.0,0.0,0,1.52
3,/page4,9,12,37,12,0.963243024512666,86.22338214896591,3.4211991170307945,0.0,25.0,11.0,0.0,14.0,1,99.66
4,/details,3,4,6,3,0.922477209864452,330.16776639036914,1.7404433521773763,0.0,0.0,0.0,0.0,0.0,0,0.39
3,/page3,6,11,26,10,0.4943886726805596,5.69696181723571,2.957294325446359,0.0,19.0,16.0,1.0,19.0,0,2.86
1,/page5,7,12,28,9,0.8224761667481352,43.66049932402308,5.254366370054223,0.0,24.0,15.0,1.0,17.0,1,96.99
1,/page3,5,12,15,8,0.7639264406400201,126.8286437939692,3.7413610894514537,0.0,12.0,14.0,0.0,9.0,0,1.49
5,/cabinet/doctors.html,5,5,11,3,0.4569457449971124,3.8601102096756095,2.454783060201928,0.0,0.0,0.0,0.0,0.0,0,1.86
5,/cabinet,9,6,10,3,0.6691732987364573,58.83137062005395,2.205360336472588,0.0,0.0,0.0,0.0,0.0,0,0.68
1,/page4,6,11,15,11,0.6629952285484602,86.80010073515302,3.3626630033197213,0.0,16.0,14.0,1.0,10.0,0,5.96
5,/voyages,1,11,17,1,0.5033323918262095,151.6778873847186,1.095248995257043,0.0,0.0,0.0,0.0,0.0,0,14.28
1,/page5,5,6,26,6,0.6791820414539611,27.074516624294763,5.303523643500218,0.0,28.0,18.0,1.0,17.0,0,4.7
5,/cabinet,7,9,9,3,0.6503132592055562,38.90766923659477,1.839894561817,0.0,0.0,0.0,0.0,0.0,0,1.08
3,/page2,9,23,36,21,0.9384835670921798,48.84165295293657,4.230408383569833,0.0,28.0,38.0,3.0,38.0,1,99.88
3,/page2,8,6,13,6,0.6203097029476655,33.485913498537435,3.8480274824708594,0.0,41.0,25.0,5.0,27.0,0,5.7
3,/page5,9,15,29,15,0.8315579121665493,215.7699394384541,5.22081010384332,0.0,37.0,22.0,2.0,21.0,1,99.74
1,/page3,7,9,24,9,0.469073850528361,94.66021233578483,3.5209517112991398,0.0,10.0,15.0,0.0,10.0,0,0.69
1,/page5,7,11,12,10,0.621360855568459,29.412117387840294,4.763381204834004,0.0,16.0,26.0,1.0,20.0,0,4.87
1,/page5,7,10,28,10,0.7606113725050713,28.741588097977324,5.003455498077814,0.0,15.0,25.0,1.0,22.0,1,99.82
4,/,8,13,14,2,0.3246175557594735,210.19397807842645,1.1722982135877202,0.0,0.0,0.0,0.0,0.0,0,1.03
3,/,20,37,112,19,0.4578890894706627,123.2406273042641,4.996185470631252,3.0,71.0,52.0,20.0,95.0,0,1.99
3,/page5,9,19,43,17,0.8362162814574325,264.9718005527124,4.234097996806847,0.0,29.0,28.0,2.0,27.0,1,98.88
5,/cabinet/blog.html,3,6,9,2,0.3059317023912892,36.12935237975482,0.9193968848147592,0.0,0.0,0.0,0.0,0.0,0,1.71
5,/cabinet/faq.html,2,2,3,2,0.9036697323347266,10.392215686729706,1.9326712374034667,0.0,0.0,0.0,0.0,0.0,0,7.38
5,/cabinet/faq.html,2,2,5,2,1.0,8.948161634121655,1.8569690915639927,0.0,0.0,0.0,0.0,0.0,0,0.85
1,/page3,7,13,19,7,0.784476828602426,96.37314787267984,3.758082202789654,0.0,15.0,13.0,0.0,8.0,0,1.07
5,/cabinet/about.html,2,2,5,2,1.0,10.498710118189578,2.798157250093265,0.0,0.0,0.0,0.0,0.0,0,2.33
3,/page5,9,13,24,13,0.4358346651892857,255.9153478083057,4.3577546512494445,0.0,22.0,29.0,2.0,24.0,0,1.48
5,/cabinet/blog.html,3,6,6,2,0.3261840612616479,20.863260201687424,0.8070566291052856,0.0,0.0,0.0,0.0,0.0,0,3.19
5,/cabinet/faq.html,3,2,3,2,1.0,11.527172657660028,1.8804685056012087,0.0,0.0,0.0,0.0,0.0,0,0.82
5,/cabinet/faq.html,2,2,3,2,0.7964314680001274,6.504696405634153,1.8932069235831637,0.0,0.0,0.0,0.0,0.0,0,6.04
1,/page5,6,13,24,12,0.4776134926466323,38.78557442389947,4.768334829965671,0.0,22.0,23.0,1.0,21.0,0,8.89
5,/cabinet/about.html,2,2,7,1,0.9002262950241741,7.506536551542259,3.2722491732839565,0.0,0.0,0.0,0.0,0.0,0,10.97
5,/cabinet/faq.html,2,2,3,2,0.7550401784071872,6.9246271383130535,2.0746375040641243,0.0,0.0,0.0,0.0,0.0,0,8.92
5,/cabinet/blog.html,2,5,19,2,0.4257432315128316,30.705253349325755,0.8976517874801875,0.0,0.0,0.0,0.0,0.0,1,91.4
5,/cabinet/contact.html,1,2,6,2,0.5940247127004958,8.624716059468511,3.368853664563826,0.0,0.0,0.0,0.0,0.0,0,0.22
5,/voyages,1,1,1,1,1.0,107.4818504748491,0.9981875458846776,0.0,0.0,0.0,0.0,0.0,0,0.56
5,/cabinet/about.html,2,2,5,2,0.9552172176978524,8.34205689016441,2.890633285729243,0.0,0.0,0.0,0.0,0.0,0,8.4
5,/cabinet/doctors.html,4,5,8,2,0.6799025996526045,4.47324175893335,1.949240421536764,0.0,0.0,0.0,0.0,0.0,0,1.13
5,/cabinet/blog.html,2,8,10,2,0.319992382670387,24.59508698858096,0.757871451680124,0.0,0.0,0.0,0.0,0.0,0,4.8
3,/page5,9,22,45,17,0.8362315219008613,248.1638059686449,4.236604724812615,0.0,36.0,25.0,2.0,22.0,1,99.42
6,/travel_agency,2,2,2,0,0.0,0.0,1.0163597426500808,0.0,0.0,0.0,0.0,0.0,0,5.83
4,/page,5,7,6,3,0.7265969454474556,9.311150897827726,1.7237562292255046,0.0,0.0,0.0,0.0,0.0,0,1.44
3,/page2,7,18,34,18,0.98358834461416,44.87786174513603,3.7424602456057503,0.0,41.0,30.0,5.0,37.0,1,99.77
5,/cabinet/doctors.html,4,12,24,2,0.6386364731866245,3.9958433399741216,2.057799030151035,0.0,0.0,0.0,0.0,0.0,1,96.46
4,/,6,9,12,3,0.3514627265525985,194.2793814833649,1.3064824980745957,0.0,0.0,0.0,0.0,0.0,0,1.27
4,/details,3,2,5,2,1.0,563.2611064085256,1.6686916206742268,0.0,0.0,0.0,0.0,0.0,0,1.55
1,/page3,7,7,23,7,0.6064623597599786,92.73783084136544,3.352239548374191,0.0,13.0,10.0,0.0,8.0,0,5.65
5,/cabinet/appointments.html,3,2,8,2,0.6764791092505709,6.905940098520199,2.8030475319079624,0.0,0.0,0.0,0.0,0.0,0,0.93
3,/,15,64,124,23,0.305236295207221,133.93607235035495,4.877608771297768,2.0,87.0,64.0,25.0,81.0,0,2.05
5,/cabinet/doctors.html,5,4,9,2,0.6543139610752444,3.660878930885015,1.9701424922118316,0.0,0.0,0.0,0.0,0.0,0,1.91
5,/cabinet,9,8,12,3,0.6385842099610664,44.64926206936234,1.953827543678168,0.0,0.0,0.0,0.0,0.0,0,0.54
5,/cabinet/appointments.html,3,4,11,1,0.745662427605677,5.857936242417793,2.6882262144999265,0.0,0.0,0.0,0.0,0.0,0,0.57
3,/page4,11,18,35,11,0.9224794054352026,52.11949589378333,3.23752719955618,0.0,23.0,11.0,0.0,19.0,1,99.98
6,/travel_agency,2,5,27,0,0.6114508592552009,0.0,0.9031606503500046,0.0,0.0,0.0,0.0,0.0,0,2.26
5,/cabinet/doctors.html,4,8,23,2,0.585744140814757,4.7332669373799785,2.0876043045304526,0.0,0.0,0.0,0.0,0.0,0,0.46
3,/,16,9,28,9,0.5861421355155911,108.85972922886867,5.361352728317757,3.0,110.0,75.0,26.0,75.0,0,3.48
5,/cabinet/blog.html,2,9,7,2,0.3486008947528646,28.262214890407225,0.9544535634012906,0.0,0.0,0.0,0.0,0.0,0,8.82
5,/cabinet/appointments.html,4,3,9,2,0.7783844604544429,4.768171356325846,3.039513487822292,0.0,0.0,0.0,0.0,0.0,0,8.95
3,/page3,7,16,28,10,0.8520854007968055,5.024001016705851,2.9207219491511,0.0,21.0,17.0,1.0,13.0,1,99.81
5,/cabinet/about.html,2,8,26,1,0.438286955871326,9.279613790968083,2.8115912128868645,0.0,0.0,0.0,0.0,0.0,0,0.77
3,/page5,8,19,29,18,0.8276608534429912,186.90920448173017,4.823493539455381,0.0,32.0,21.0,2.0,23.0,1,99.94
5,/cabinet/faq.html,2,2,4,2,0.9912139860208026,9.265412103594157,2.071643737856744,0.0,0.0,0.0,0.0,0.0,0,1.55
5,/cabinet/blog.html,2,8,7,1,0.3414777949449071,31.21161872176259,0.80851734855575,0.0,0.0,0.0,0.0,0.0,0,23.25
3,/page4,10,19,32,15,0.9953966785235308,66.6883710139003,3.766231306471553,0.0,24.0,13.0,0.0,23.0,1,99.79
3,/,17,12,10,12,0.426696914456904,132.9870451739481,4.979624387578872,3.0,96.0,59.0,22.0,87.0,0,2.33
5,/cabinet/about.html,2,2,7,1,0.987842102186375,12.113840332086774,3.0671906971822858,0.0,0.0,0.0,0.0,0.0,0,12.36
5,/cabinet/about.html,2,2,7,2,1.0,8.009293648643261,3.012262124097324,0.0,0.0,0.0,0.0,0.0,0,3.35
3,/page2,8,19,31,13,0.7462613439365156,29.318613356495543,4.306935599727684,0.0,41.0,26.0,4.0,34.0,1,99.97
3,/page4,11,12,14,12,0.4375753693288624,91.69249759305777,3.323621703406145,0.0,25.0,13.0,0.0,20.0,1,93.65
3,/page5,9,9,13,9,0.4500545734616733,165.4913179487698,4.233897646110264,0.0,34.0,21.0,2.0,25.0,0,1.38
3,/,13,39,89,21,0.5019621242209277,180.82734186105543,5.419810654291681,3.0,72.0,57.0,21.0,63.0,1,98.3
5,/voyages,1,1,1,1,0.6967323812449909,139.7256004672495,1.1284339187774854,0.0,0.0,0.0,0.0,0.0,0,2.78
5,/cabinet/contact.html,2,12,23,1,0.6979512368794998,6.826076700441089,3.052686739244982,0.0,0.0,0.0,0.0,0.0,1,98.07
4,/details,3,3,6,3,0.942408969876595,337.9993194487124,1.786833871128899,0.0,0.0,0.0,0.0,0.0,0,0.4
3,/page4,7,17,41,17,1.0,86.89619008260712,3.6046636401737655,0.0,25.0,15.0,0.0,13.0,1,99.79
4,/page,4,4,5,3,0.683449991669886,7.677267207721491,1.518759089822926,0.0,0.0,0.0,0.0,0.0,0,1.13
5,/cabinet/about.html,2,2,8,2,0.9159311681861774,7.45273795024866,3.1800227912637604,0.0,0.0,0.0,0.0,0.0,1,84.33
6,/travel_agency,3,11,29,0,0.5512224840520266,0.0,1.1036269920326327,0.0,0.0,0.0,0.0,0.0,1,98.66
5,/voyages,1,1,1,1,1.0,91.73885810102252,1.0952332949476236,0.0,0.0,0.0,0.0,0.0,0,0.79
5,/cabinet/faq.html,2,2,4,2,0.6336818274986729,11.686255179902814,2.268908482616281,0.0,0.0,0.0,0.0,0.0,0,4.36
5,/cabinet,7,13,27,3,0.4969582195973008,38.16210722501846,2.1576184267413163,0.0,0.0,0.0,0.0,0.0,0,2.97
6,/travel_agency,2,8,15,0,0.6449193179084711,0.0,1.1243517422980895,0.0,0.0,0.0,0.0,0.0,0,5.13
5,/cabinet/about.html,2,2,7,2,0.9111471053002804,10.490766065982324,3.347271584437713,0.0,0.0,0.0,0.0,0.0,0,4.25
5,/cabinet/doctors.html,5,5,7,1,0.7161683589408372,5.744470432185108,2.2829570240454875,0.0,0.0,0.0,0.0,0.0,0,0.24
5,/,3,12,10,3,0.4611328102573191,324.3873253864768,2.81029553578706,0.0,0.0,0.0,0.0,0.0,0,4.93
5,/voyages,1,1,1,1,1.0,130.48666170681162,1.0039488598423922,0.0,0.0,0.0,0.0,0.0,0,0.75
5,/,3,8,29,3,0.4926582697709389,354.22950044133995,2.8423330025039406,0.0,0.0,0.0,0.0,0.0,0,2.3
1,/page2,6,18,45,17,0.4642231901940957,24.768577173382543,4.3798051068528965,1.0,24.0,24.0,1.0,21.0,1,96.61
3,/,15,62,96,26,0.5045539225207399,164.53499123548423,5.21662053241931,3.0,75.0,70.0,24.0,60.0,1,98.43
5,/cabinet/appointments.html,3,8,13,3,0.5329227798800347,4.848268236099846,2.6294391587950128,0.0,0.0,0.0,0.0,0.0,0,0.57
1,/page4,6,15,33,9,0.7583798580409513,58.92642833254983,3.6518458057135046,0.0,22.0,12.0,1.0,10.0,1,99.99
4,/page,4,12,21,3,0.690644932445013,9.789117267139664,1.724333418978394,0.0,0.0,0.0,0.0,0.0,1,98.44
1,/,10,25,119,19,0.2984393137628187,153.86064532848405,4.933607037643291,5.0,78.0,59.0,21.0,53.0,0,3.35
4,/page,3,12,25,3,0.4197676495095918,13.155314816327602,1.498121351455887,0.0,0.0,0.0,0.0,0.0,0,2.75
1,/page4,8,14,25,14,0.8728096818375983,89.51117322529763,3.3314477223021126,0.0,14.0,9.0,1.0,12.0,1,99.58
5,/cabinet/about.html,2,2,8,2,0.9434280808075344,9.283433212898792,2.9496840721735524,0.0,0.0,0.0,0.0,0.0,0,9.76
5,/cabinet/faq.html,2,2,4,2,1.0,6.937040161652609,2.224771879777061,0.0,0.0,0.0,0.0,0.0,0,1.15
5,/cabinet/doctors.html,3,13,10,1,0.4703122612666539,4.447526218434876,2.151787478057871,0.0,0.0,0.0,0.0,0.0,0,1.51
5,/cabinet/doctors.html,5,4,8,2,0.6522579189879814,5.191475804793491,2.429800141936394,0.0,0.0,0.0,0.0,0.0,0,0.62
5,/voyages,1,1,1,1,1.0,107.79472276285544,0.9211674535688223,0.0,0.0,0.0,0.0,0.0,0,0.56
5,/cabinet/blog.html,2,5,28,2,0.5836940154540766,36.85076303367341,0.8184393863203882,0.0,0.0,0.0,0.0,0.0,0,4.85
1,/page2,5,19,48,10,0.8612650030619939,23.284488621682414,4.8445022484029225,1.0,29.0,26.0,1.0,23.0,1,99.97
5,/,2,3,8,3,0.9341060778787552,463.3232567519976,2.660091307404651,0.0,0.0,0.0,0.0,0.0,0,2.92
3,/,12,59,129,27,0.4981124854767325,179.3038754869417,5.140860207303245,3.0,122.0,75.0,22.0,83.0,0,5.91
5,/cabinet/blog.html,2,9,9,2,0.3169256007307379,34.39019954072107,0.8933300044840979,0.0,0.0,0.0,0.0,0.0,0,4.54
5,/,3,4,8,3,0.9429489004816716,341.7843687217213,2.427565093267145,0.0,0.0,0.0,0.0,0.0,0,2.16
5,/cabinet/appointments.html,3,4,9,2,0.7337764519399279,5.528791327730415,2.647937567778899,0.0,0.0,0.0,0.0,0.0,0,0.48
4,/,7,8,14,4,0.3110329441236477,202.6520735942366,1.2793849460047326,0.0,0.0,0.0,0.0,0.0,0,0.8
5,/,4,9,27,3,0.5529169514810696,476.6604454577238,2.561897608065051,0.0,0.0,0.0,0.0,0.0,0,11.1
5,/cabinet/faq.html,2,5,23,2,0.3915148215382537,7.566868832624073,2.0943218348580306,0.0,0.0,0.0,0.0,0.0,0,1.21
1,/page5,5,8,22,8,0.4112713271196722,24.70922336282101,5.4084365302102455,0.0,20.0,24.0,1.0,17.0,0,0.99
3,/page5,6,18,30,15,0.6892463025372572,169.13932830618572,4.825120902964428,0.0,37.0,22.0,2.0,25.0,1,99.97
3,/page5,8,15,45,15,0.8443092111641497,207.8899609309548,5.226107609897167,0.0,27.0,21.0,2.0,16.0,1,99.31
5,/cabinet/contact.html,2,3,5,2,1.0,10.240548809400597,3.208545282590756,0.0,0.0,0.0,0.0,0.0,0,0.18
5,/cabinet/doctors.html,4,3,9,3,0.7167086399732571,4.331397848995667,2.177378450138937,0.0,0.0,0.0,0.0,0.0,1,86.78
1,/page5,4,12,31,11,0.7347352405172645,35.000177571752694,5.302039886034193,0.0,20.0,21.0,1.0,19.0,1,99.9
1,/page5,6,13,28,11,0.8,33.914,5.0,0.0,22.0,20.0,1.0,17.0,1,99.89
5,/cabinet/contact.html,2,1,4,1,1.0,10.659887825251378,2.84544586521051,0.0,0.0,0.0,0.0,0.0,0,3.79
5,/cabinet/about.html,2,14,14,2,0.6090386541893024,9.618231637473128,2.928609858483849,0.0,0.0,0.0,0.0,0.0,0,2.66
5,/cabinet/faq.html,2,14,10,2,0.5426732229155399,11.460498694756168,2.1376773135043297,0.0,0.0,0.0,0.0,0.0,0,1.75
5,/cabinet,8,9,14,2,0.6166292338803642,65.70513931672485,1.8891250719789816,0.0,0.0,0.0,0.0,0.0,0,4.95
5,/cabinet/blog.html,1,10,25,2,0.661485053898655,23.71909873016348,0.8678787485123892,0.0,0.0,0.0,0.0,0.0,1,96.42
5,/,3,2,6,2,1.0,335.8156653291038,2.6173721281664823,0.0,0.0,0.0,0.0,0.0,0,6.11
5,/cabinet/blog.html,2,9,8,2,0.3136534349959444,27.39622264859305,0.8821308330861698,0.0,0.0,0.0,0.0,0.0,0,2.92
5,/cabinet/appointments.html,4,11,24,2,0.4537357852470865,5.754478736886755,2.488912409939966,0.0,0.0,0.0,0.0,0.0,0,0.97
1,/page2,8,6,23,6,0.692046690753219,17.082074954250086,4.193535834467827,1.0,19.0,26.0,1.0,21.0,0,1.25
5,/cabinet/blog.html,2,14,17,2,0.505002089293204,23.965205601900998,0.9076840849277156,0.0,0.0,0.0,0.0,0.0,0,11.82
5,/,2,3,8,3,1.0,357.6371574377787,2.805699597329652,0.0,0.0,0.0,0.0,0.0,0,1.42
3,/page5,9,7,26,7,0.6017085573796583,160.7430155636871,5.003918179178742,0.0,28.0,22.0,2.0,28.0,0,4.24
4,/details,3,12,28,2,0.4530046942528916,502.7288438292038,1.8728174945885396,0.0,0.0,0.0,0.0,0.0,0,4.71
1,/,12,25,74,17,0.3131032496167685,161.95938080883954,5.225180581153098,5.0,82.0,44.0,21.0,68.0,0,1.29
1,/,9,25,103,17,0.2742371288672506,162.50260674723202,5.0352739020265975,6.0,66.0,35.0,17.0,61.0,0,3.24
5,/cabinet/contact.html,2,10,16,3,0.4305495205946889,7.983822384912833,2.7143244598812863,0.0,0.0,0.0,0.0,0.0,0,1.27
1,/page5,6,16,23,9,0.7220847308411334,24.028544801124827,5.536739533698141,0.0,20.0,22.0,1.0,22.0,1,99.92
1,/page3,5,6,29,6,0.4730433905214601,86.96075407983052,3.474982496693873,0.0,13.0,12.0,0.0,8.0,0,1.07
1,/,11,37,98,13,0.2829801368365409,100.0009091513807,4.708236533403299,5.0,66.0,43.0,15.0,46.0,0,4.02
5,/cabinet/faq.html,2,9,24,3,0.3562371549651702,8.248640252255152,2.1588516808546685,0.0,0.0,0.0,0.0,0.0,0,0.62
3,/,17,55,102,18,0.5077187239808975,150.27973606512475,5.446813186587966,3.0,113.0,64.0,21.0,87.0,1,98.43
4,/details,3,9,20,4,0.6437837917264515,474.5629694112967,1.6178691290776523,0.0,0.0,0.0,0.0,0.0,1,88.84
5,/cabinet/contact.html,1,1,6,1,1.0,7.914302374618516,2.9489297136731225,0.0,0.0,0.0,0.0,0.0,0,1.68
3,/page4,11,10,16,10,0.5763395348115055,64.6818376018852,3.4800783744320127,0.0,31.0,13.0,0.0,15.0,1,95.48
3,/page2,8,12,19,12,0.5570690738589568,47.78808089962666,4.350017835926837,0.0,35.0,32.0,4.0,26.0,0,4.81
3,/page5,10,21,34,15,0.8268815487717454,205.66927212385264,5.146317569706071,0.0,35.0,24.0,2.0,29.0,1,99.77
5,/cabinet/appointments.html,2,14,10,2,0.469819072561016,7.009750636923186,2.606181525369336,0.0,0.0,0.0,0.0,0.0,0,1.7
3,/page5,6,18,31,11,0.9052147552807568,255.78801379878536,4.508308305028428,0.0,36.0,32.0,2.0,20.0,1,99.93
5,/cabinet,9,10,15,3,0.5136108465678054,43.414329190487926,1.8591770506632936,0.0,0.0,0.0,0.0,0.0,0,0.63
4,/details,4,8,17,3,0.521396122494565,423.6863792206421,1.6134335593775186,0.0,0.0,0.0,0.0,0.0,0,2.46
1,/page3,8,9,25,9,0.6435309364270412,88.87507716501618,3.9898482033164377,0.0,15.0,11.0,0.0,10.0,0,2.38
1,/,7,12,28,12,0.6140048757653657,103.31059252145852,5.170299141353653,5.0,75.0,45.0,18.0,64.0,1,99.47
4,/details,2,11,19,3,0.4573631553240225,404.8743634869,1.7468679141256651,0.0,0.0,0.0,0.0,0.0,0,2.44
5,/cabinet/about.html,2,2,8,1,1.0,12.403260620916852,3.30291353155144,0.0,0.0,0.0,0.0,0.0,0,4.31
1,/page3,6,11,22,10,0.867102715714307,119.63164405575826,4.018138262970398,0.0,10.0,15.0,0.0,12.0,1,98.54
6,/travel_agency,1,1,3,0,0.0,0.0,0.9297750144023388,0.0,0.0,0.0,0.0,0.0,0,1.5
4,/page,4,14,26,2,0.5537751709397531,13.275791453027216,1.5508207185322362,0.0,0.0,0.0,0.0,0.0,1,98.17
1,/page2,8,15,28,13,0.8138945788833407,26.458195092183416,4.334034012196906,1.0,23.0,23.0,1.0,21.0,1,99.96
5,/cabinet/doctors.html,4,4,12,2,0.6079963597445587,5.909253385458462,2.2912754254132808,0.0,0.0,0.0,0.0,0.0,0,1.43
5,/cabinet,8,8,10,3,0.645,54.475,2.0,0.0,0.0,0.0,0.0,0.0,0,1.6
1,/page4,7,10,30,10,0.8635498145543391,60.136902301648185,3.799022271075533,0.0,14.0,10.0,1.0,13.0,1,98.08
1,/,11,7,24,7,0.3965458430474856,133.50489365493985,4.794125921789939,4.0,75.0,40.0,15.0,53.0,1,92.83
4,/details,4,3,4,2,0.9863320428287567,527.35330609706,1.8512291638079608,0.0,0.0,0.0,0.0,0.0,0,0.82
3,/page4,7,16,39,13,0.9699228797615445,75.56677396042038,3.25157153194348,0.0,31.0,13.0,0.0,21.0,1,99.64
1,/page5,4,6,11,6,0.6165164658151537,40.09906929508171,5.190626209259861,0.0,17.0,23.0,1.0,17.0,0,0.65
5,/cabinet/contact.html,2,2,6,2,0.938505983087628,9.669881441904908,2.7952921990182555,0.0,0.0,0.0,0.0,0.0,0,7.92
1,/page5,5,14,23,11,0.7318467548659757,36.06040354624239,5.1459874239101975,0.0,24.0,21.0,1.0,13.0,1,99.84
5,/cabinet/doctors.html,4,4,9,2,0.5859896644512244,5.8346059393296485,2.229166137972334,0.0,0.0,0.0,0.0,0.0,0,0.19
1,/,11,33,97,19,0.2876173641918985,109.04387058199896,5.818953927239213,4.0,89.0,35.0,21.0,41.0,0,0.77
3,/page3,10,6,29,6,0.6570893244328717,6.191920016758891,2.6618621209150586,0.0,14.0,16.0,1.0,14.0,0,1.77
5,/cabinet/contact.html,2,2,6,2,0.9965076814933346,10.6571191030842,2.920257310018827,0.0,0.0,0.0,0.0,0.0,0,14.65
5,/cabinet/blog.html,2,8,21,2,0.6325947261641128,25.64762546167233,0.750511372175801,0.0,0.0,0.0,0.0,0.0,0,4.35
5,/cabinet/blog.html,2,7,9,2,0.3526222321560368,30.269335349025155,0.8108937859810944,0.0,0.0,0.0,0.0,0.0,0,19.12
3,/page2,9,10,21,10,0.4120856556333995,48.97369368574047,4.461745802193004,0.0,51.0,25.0,5.0,40.0,0,2.38
5,/cabinet/appointments.html,3,3,8,2,0.5094149906655553,7.277691518593747,2.632428689893964,0.0,0.0,0.0,0.0,0.0,0,0.15
3,/,20,56,104,20,0.5204771753490588,117.58515357843032,5.469089872090562,3.0,89.0,81.0,24.0,77.0,1,97.8
5,/cabinet/blog.html,2,5,11,2,0.3739036129405471,36.81943539420343,0.8933696743171382,0.0,0.0,0.0,0.0,0.0,0,13.09
4,/,6,12,22,2,0.6132682991381625,155.657177422956,1.2449111770519912,0.0,0.0,0.0,0.0,0.0,1,99.96
4,/,6,11,10,4,0.2408022991553364,133.97933968636545,1.0631872746459958,0.0,0.0,0.0,0.0,0.0,0,1.63
6,/travel_agency,2,2,2,0,0.0,0.0,1.079650415710535,0.0,0.0,0.0,0.0,0.0,0,7.08
5,/cabinet/doctors.html,5,4,10,2,0.6531844084575645,5.33052090175866,2.3729946739545285,0.0,0.0,0.0,0.0,0.0,0,1.5
3,/page2,11,16,54,16,0.9795983441967996,44.230791521777824,4.305353166121042,0.0,46.0,33.0,4.0,30.0,1,99.39
1,/page5,7,12,23,11,0.845015814498305,43.277678150774406,5.454473836083215,0.0,23.0,24.0,1.0,16.0,0,23.78
1,/page4,6,9,25,9,0.8701287709517573,91.76289239092652,4.038609918295155,0.0,21.0,9.0,1.0,12.0,0,4.44
5,/,4,2,8,2,0.7272127179553423,373.487026323936,2.5124616783426488,0.0,0.0,0.0,0.0,0.0,0,6.37
5,/cabinet/blog.html,2,8,20,2,0.635091490644351,37.15650498291612,0.8928548023726953,0.0,0.0,0.0,0.0,0.0,0,9.53
3,/page5,10,17,35,13,0.916926090489012,149.13898349803657,4.170871576802621,0.0,26.0,34.0,2.0,26.0,1,99.92
5,/cabinet/appointments.html,3,3,7,2,0.7023977428115659,7.1779617837286285,2.7081227341180925,0.0,0.0,0.0,0.0,0.0,0,0.13
4,/details,3,3,6,3,0.9692532083069496,524.7418207658735,1.64849604137496,0.0,0.0,0.0,0.0,0.0,0,0.97
5,/cabinet/doctors.html,3,3,10,1,0.6702176601357523,5.681336206772227,2.0925960599693294,0.0,0.0,0.0,0.0,0.0,0,1.1
5,/cabinet/contact.html,2,2,7,2,0.9240005499233775,8.591713033083288,2.9675971917412007,0.0,0.0,0.0,0.0,0.0,0,6.79
1,/page3,5,8,23,8,0.7250537831721028,151.21802262738376,3.1954748731950384,0.0,14.0,15.0,0.0,12.0,0,6.69
5,/,3,3,8,2,0.9805780062100098,465.5284665155186,2.7126956442774697,0.0,0.0,0.0,0.0,0.0,0,3.6
3,/page5,9,18,45,14,0.8041735406688724,240.0560439477747,4.710552478689423,0.0,34.0,22.0,2.0,17.0,1,99.16
1,/page2,7,15,37,13,0.8,23.062,4.3,1.0,26.0,25.0,1.0,20.0,1,99.97
5,/voyages,1,1,1,1,0.6006744737122196,125.48391788045276,1.1221481236558228,0.0,0.0,0.0,0.0,0.0,0,1.01
5,/,3,4,8,3,1.0,265.9281272134595,2.5981547413701462,0.0,0.0,0.0,0.0,0.0,0,1.37
1,/page2,8,12,45,12,0.8326313816221615,28.74388646178789,4.541618366371495,1.0,31.0,23.0,1.0,24.0,1,99.81
1,/page5,5,12,35,12,0.6201163498990223,39.26783422590486,5.528951038386074,0.0,23.0,16.0,1.0,15.0,1,99.23
1,/,9,14,12,14,0.4685650065391899,94.8136373676683,5.912612638477556,5.0,71.0,59.0,19.0,64.0,0,3.35
5,/cabinet/contact.html,2,14,26,3,0.4970589742534417,10.947793433593889,2.8835146410924546,0.0,0.0,0.0,0.0,0.0,0,2.79
4,/page,3,8,6,3,0.7473635402392094,8.127200083139298,1.638033516907,0.0,0.0,0.0,0.0,0.0,0,0.45
4,/,6,14,25,4,0.5156657504475008,148.81146235676783,1.1748824504853326,0.0,0.0,0.0,0.0,0.0,1,99.96
4,/,7,13,15,2,0.3535678182711825,137.0226181486607,1.0895821365382716,0.0,0.0,0.0,0.0,0.0,0,2.53
3,/page4,12,14,32,14,1.0,60.36158293952578,3.593218914196864,0.0,29.0,9.0,0.0,13.0,1,99.96
1,/page2,7,13,45,13,0.8142573655153433,19.9799801926354,4.848614534711849,1.0,20.0,23.0,1.0,25.0,1,99.68
3,/page3,7,14,19,14,0.9731183106543608,7.218170601677944,2.457266818347116,0.0,17.0,18.0,1.0,18.0,0,6.76
5,/,3,5,26,4,0.5410972143811619,413.9832044347138,2.3580125321602825,0.0,0.0,0.0,0.0,0.0,0,6.43
3,/page4,8,16,40,14,1.0,65.0163159227832,3.539452150013206,0.0,23.0,11.0,0.0,22.0,1,99.88
5,/cabinet/contact.html,2,9,29,2,0.5110174108138481,7.819493293335923,3.278748703704527,0.0,0.0,0.0,0.0,0.0,0,0.95
3,/,20,62,109,26,0.4579710093409905,190.88591784167383,5.624849271210513,3.0,111.0,73.0,24.0,54.0,0,2.33
5,/,3,3,7,3,1.0,374.115,2.5,0.0,0.0,0.0,0.0,0.0,0,4.31
3,/page3,10,16,26,10,0.6531381432594762,4.665886963213812,2.942378232369199,0.0,14.0,20.0,1.0,13.0,0,9.92
5,/cabinet,10,9,19,3,0.5534402620127852,63.51589455874503,2.0761111400869234,0.0,0.0,0.0,0.0,0.0,0,0.45
3,/page5,10,21,28,18,0.6579291022117799,179.25172904511103,4.191182414767445,0.0,36.0,29.0,2.0,20.0,1,99.77
3,/page2,10,5,28,5,0.4013355377753655,49.128182772907934,4.656381499549418,0.0,34.0,39.0,5.0,30.0,1,94.44
1,/page4,7,15,30,15,0.7909408023006701,79.87011522221101,3.913959486610089,0.0,21.0,9.0,1.0,8.0,1,99.71
5,/cabinet/faq.html,2,7,23,3,0.5873006579653617,8.15819176211513,2.2990989396439288,0.0,0.0,0.0,0.0,0.0,0,1.59
6,/travel_agency,2,13,28,0,0.5993625806348135,0.0,0.9100291445721288,0.0,0.0,0.0,0.0,0.0,1,96.93
5,/cabinet/about.html,2,13,20,2,0.6161993363523587,12.520879009891528,2.8309379885072703,0.0,0.0,0.0,0.0,0.0,1,99.11
5,/cabinet/doctors.html,4,4,10,3,0.701885348189072,3.8214744430666743,2.042776119350897,0.0,0.0,0.0,0.0,0.0,0,6.13
4,/details,2,3,5,3,0.8240237191552727,424.4333910470156,1.61446043033631,0.0,0.0,0.0,0.0,0.0,0,4.25
6,/travel_agency,2,2,2,0,0.0,0.0,0.9467642090065952,0.0,0.0,0.0,0.0,0.0,0,1.93
4,/page,4,7,6,2,0.7785934113122013,10.834132354715852,1.5939774462195389,0.0,0.0,0.0,0.0,0.0,0,3.75
5,/cabinet/faq.html,2,3,4,2,0.9828218164247992,9.626257640532224,1.9067486969554976,0.0,0.0,0.0,0.0,0.0,0,1.09
3,/,19,9,26,9,0.4831037572977936,164.7560214945852,5.449314616790222,3.0,120.0,66.0,23.0,70.0,0,1.48
5,/,2,3,7,3,0.949973493051586,405.59698262842255,2.79843077608218,0.0,0.0,0.0,0.0,0.0,0,4.82
5,/voyages,1,1,1,1,1.0,138.09027597611,0.91158831735857,0.0,0.0,0.0,0.0,0.0,0,0.62
5,/,3,4,8,3,1.0,442.1393258784701,2.483531435233115,0.0,0.0,0.0,0.0,0.0,0,5.51
5,/cabinet/appointments.html,2,3,7,2,0.7828817171450684,7.669132241966072,2.9146989423983483,0.0,0.0,0.0,0.0,0.0,0,4.26
1,/page5,7,14,35,14,0.787581523549489,31.41752930776044,5.670401442461445,0.0,17.0,15.0,1.0,21.0,1,99.96
5,/cabinet/contact.html,1,8,26,1,0.6949724309417196,9.87801591027396,3.2643315048360395,0.0,0.0,0.0,0.0,0.0,0,0.56
5,/cabinet/appointments.html,2,8,13,2,0.4033463761935492,4.802980821644519,2.8565752353911376,0.0,0.0,0.0,0.0,0.0,0,3.43
4,/details,3,4,5,3,0.9636903933611608,504.3275392993275,1.6198826810375122,0.0,0.0,0.0,0.0,0.0,0,0.75
5,/cabinet/appointments.html,3,3,11,2,0.7235414204151106,7.50793238641976,2.5462088891958228,0.0,0.0,0.0,0.0,0.0,0,2.92
4,/page,5,4,6,3,0.6118329400136626,7.989969171512299,1.707799365589152,0.0,0.0,0.0,0.0,0.0,0,0.89
1,/,12,10,27,10,0.5769753060563899,97.65454634445987,4.725355441311776,6.0,75.0,55.0,16.0,44.0,1,99.62
4,/details,4,3,6,3,0.994332636557032,461.989968653317,1.5193345358396355,0.0,0.0,0.0,0.0,0.0,0,1.34
5,/,3,11,14,4,0.5279218169475919,454.2937450986767,2.2802474262161034,0.0,0.0,0.0,0.0,0.0,1,97.41
5,/cabinet/faq.html,2,2,3,2,1.0,7.227279773361616,1.8948817790730053,0.0,0.0,0.0,0.0,0.0,0,0.69
5,/cabinet/contact.html,1,2,8,2,1.0,6.824909701118775,3.157401551239153,0.0,0.0,0.0,0.0,0.0,0,4.51
3,/,14,62,148,23,0.5083038784276377,153.59608502745436,4.834777067971394,4.0,67.0,55.0,23.0,75.0,1,99.65
5,/voyages,1,1,1,1,1.0,121.31,1.0,0.0,0.0,0.0,0.0,0.0,0,0.75
3,/page3,10,7,24,7,0.6764540175722253,6.428466425125992,2.5152189651059937,0.0,17.0,17.0,1.0,17.0,0,1.17
4,/,6,7,24,3,0.5138798069344996,122.46596206491331,1.0945655172937323,0.0,0.0,0.0,0.0,0.0,0,9.22
1,/page4,8,10,31,10,0.8298123514697757,55.66945733237532,3.491765329387763,0.0,16.0,13.0,1.0,12.0,1,99.91
3,/page2,7,16,39,16,0.9128610268458188,46.64818326038446,4.0170330233847,0.0,31.0,26.0,5.0,33.0,1,99.51
1,/page5,6,10,30,10,0.7204610002664984,41.218194217613146,4.7325287500070825,0.0,21.0,23.0,1.0,21.0,1,99.92
3,/page5,7,19,36,17,0.9136308860198638,226.7190943154558,4.418401564042639,0.0,28.0,33.0,2.0,28.0,1,99.8
5,/cabinet/doctors.html,4,4,8,2,0.6237416413987987,3.922555677341214,2.2605652452024856,0.0,0.0,0.0,0.0,0.0,0,3.08
3,/page5,6,6,14,6,0.4302824876669197,211.4417811608702,4.6846956092658365,0.0,27.0,23.0,2.0,21.0,0,4.36
4,/details,3,3,6,3,0.9385968015878058,340.94487691399104,1.7567725169045054,0.0,0.0,0.0,0.0,0.0,0,0.4
3,/page4,7,11,35,11,0.9649218337020324,78.84185929851172,3.3044918591883685,0.0,23.0,12.0,0.0,21.0,1,99.72
5,/cabinet/contact.html,2,2,7,2,0.9580963211217888,7.619276162722914,3.401966365296452,0.0,0.0,0.0,0.0,0.0,0,2.84
3,/page3,8,7,10,7,0.3939553522430002,4.692344053536577,2.463536963938222,0.0,14.0,13.0,1.0,14.0,0,4.56
5,/cabinet/about.html,2,2,7,2,0.9924980420811188,10.382827961135323,2.9136420982205697,0.0,0.0,0.0,0.0,0.0,1,69.31
1,/page3,6,13,17,10,0.7837860844435701,94.42075377638731,3.4715926195050897,0.0,9.0,9.0,0.0,10.0,0,1.3
5,/cabinet/appointments.html,3,4,10,1,0.7211148798821756,5.446191908099282,3.10408479113637,0.0,0.0,0.0,0.0,0.0,0,1.19
5,/voyages,1,10,20,1,0.4336604100296928,118.0790868228441,1.0999351609282098,0.0,0.0,0.0,0.0,0.0,0,1.09
1,/page2,5,17,26,9,0.7717776350639267,22.904853554267444,4.698187974143377,1.0,25.0,22.0,1.0,19.0,1,99.91
3,/page4,9,6,22,6,0.5401782988022508,62.54986641196261,3.4791984582134017,0.0,30.0,14.0,0.0,14.0,0,6.32
1,/page2,8,19,46,14,0.8309080338331081,16.857341495897902,4.590161274391291,1.0,27.0,32.0,1.0,20.0,1,99.91
4,/,9,13,10,3,0.2154294737058611,168.44170387808316,1.1601664430556191,0.0,0.0,0.0,0.0,0.0,0,0.32
3,/page3,10,13,24,13,0.9507026367879966,7.350244615429559,2.833678368443384,0.0,16.0,17.0,1.0,16.0,1,99.88
1,/page5,8,12,34,12,0.7595410487458228,30.98087498331014,4.604899419776787,0.0,24.0,15.0,1.0,16.0,1,99.89
4,/details,2,3,6,3,0.8198295804097926,404.7897327895704,1.8115215935687403,0.0,0.0,0.0,0.0,0.0,0,1.11
1,/page3,6,8,15,8,0.8024280272533972,126.5763585056455,3.844525869082952,0.0,10.0,11.0,0.0,12.0,0,0.57
5,/cabinet,7,9,10,3,0.6036695273087221,62.15673323245351,1.8943102595213157,0.0,0.0,0.0,0.0,0.0,0,0.5
5,/cabinet/faq.html,2,2,4,2,1.0,9.010000000000002,2.0,0.0,0.0,0.0,0.0,0.0,0,0.86
5,/cabinet/appointments.html,3,3,11,2,0.7341943604859049,5.762523707286934,2.7883183721308336,0.0,0.0,0.0,0.0,0.0,0,2.15
1,/page2,8,16,38,16,0.8461755537959249,18.242155645838025,4.205101222880214,1.0,30.0,18.0,1.0,23.0,1,99.75
1,/page3,7,11,23,10,0.5010687375313321,121.74861534791592,3.790140831535915,0.0,9.0,10.0,0.0,12.0,1,97.49
3,/page2,11,19,53,16,0.6014498247262489,51.09451206482629,3.919940147326051,0.0,40.0,32.0,4.0,32.0,0,24.47
5,/cabinet/faq.html,2,14,29,2,0.4705976652879249,10.157088230581138,1.958536884681529,0.0,0.0,0.0,0.0,0.0,0,8.16
4,/,8,7,11,4,0.3150561999659028,128.81108233251507,1.121744587611084,0.0,0.0,0.0,0.0,0.0,0,0.5
1,/page2,8,13,11,9,0.6392677301911565,24.67611373208636,4.726277587799389,1.0,20.0,19.0,1.0,19.0,0,5.17
